target_date,record_date,machine,pattern_name,subject_name,search_count,upd_date,upd_time
2026-01-26,2026-01-26,1号機,【未送信リスト】開放日_有効職,【未送信用】口コミ4.9オーダーメイド,60,2026-01-26,08:40:00
2026-01-26,2026-01-26,2号機,≪送信済リスト≫20代前半_職種不問_西日本,≪送信済用≫希望を叶える転職,878,2026-01-26,08:40:00
2026-01-26,2026-01-26,3号機,≪送信済リスト≫20代後半_職種不問_西日本,≪送信済用≫マイナビaward受賞_実績あるサポート,850,2026-01-26,08:40:00
2026-01-26,2026-01-26,4号機,≪送信済リスト≫20代前半_有効職_西日本,≪送信済用≫やりなおし就活,405,2026-01-26,08:40:00
2026-01-26,2026-01-26,5号機,≪送信済リスト≫年齢不問_営業職_全国,≪送信済用≫年収＆働きやすさを叶える,665,2026-01-26,08:40:00
2026-01-26,2026-01-26,6号機,≪送信済リスト≫20代後半_有効職_西日本,≪送信済用≫口コミ4.9オーダーメイド,381,2026-01-26,08:40:00
2026-01-26,2026-01-26,1号機,【未送信リスト】開放日_職種不問,【未送信用】口コミ4.9オーダーメイド,77,2026-01-26,12:30:00
2026-01-26,2026-01-26,2号機,≪送信済リスト≫20代後半_職種不問_東日本②,≪送信済用≫希望を叶える転職,942,2026-01-26,16:30:00
2026-01-26,2026-01-26,3号機,≪送信済リスト≫20代前半_職種不問_東日本②,≪送信済用≫マイナビaward受賞_実績あるサポート,1046,2026-01-26,16:30:00
2026-01-26,2026-01-26,4号機,【未送信リスト】既登録_20代前半_職種不問,≪送信済用≫やりなおし就活,155,2026-01-26,17:30:00
2026-01-26,2026-01-26,5号機,【未送信リスト】既登録_20代前半_職種不問,≪送信済用≫年収＆働きやすさを叶える,87,2026-01-26,18:00:00
2026-01-26,2026-01-26,6号機,【未送信リスト】既登録_20代後半_職種不問,≪送信済用≫口コミ4.9オーダーメイド,247,2026-01-26,17:30:00
2026-01-26,2026-01-26,1号機,【未送信リスト】開放日_ログイン7日以内_職種不問,【未送信用】口コミ4.9オーダーメイド,42,2026-01-26,16:00:00
2026-01-26,2026-01-26,1号機,【未送信リスト】既登録_年齢不問_有効職,【未送信用】口コミ4.9オーダーメイド,85,2026-01-26,17:55:00
2026-01-27,2026-01-27,1号機,【未送信リスト】開放日_職種不問,【未送信用】口コミ4.9オーダーメイド,197,2026-01-27,08:00:00
2026-01-27,2026-01-27,2号機,≪送信済リスト≫20代後半_職種不問_東日本②,≪送信済用≫マイナビaward受賞_実績あるサポート,900,2026-01-27,08:00:00
2026-01-27,2026-01-27,3号機,≪送信済リスト≫20代前半_職種不問_東日本②,≪送信済用≫やりなおし就活,1025,2026-01-27,08:10:00
2026-01-27,2026-01-27,4号機,【未送信リスト】既登録_20代前半_職種不問,【未送信用】まずはキャリア相談から,97,2026-01-27,08:10:00
2026-01-27,2026-01-27,5号機,≪送信済リスト≫20代前半_有効職_東日本,≪送信済用≫口コミ4.9あなたに合った仕事,864,2026-01-27,08:10:00
2026-01-27,2026-01-27,6号機,≪送信済リスト≫年齢不問_営業職_全国,≪送信済用≫年収＆働きやすさを叶える,852,2026-01-27,08:15:00
2026-01-27,2026-01-27,1号機,【未送信リスト】既登録_20代前半_職種不問,【未送信用】口コミ4.9オーダーメイド,17,2026-01-27,13:50:00
2026-01-27,2026-01-27,2号機,≪送信済リスト≫20代後半_職種不問_東日本①,≪送信済用≫マイナビaward受賞_実績あるサポート,1710,2026-01-27,16:30:00
2026-01-27,2026-01-27,3号機,≪送信済リスト≫20代前半_職種不問_東日本①,≪送信済用≫やりなおし就活,1407,2026-01-27,16:30:00
2026-01-27,2026-01-27,4号機,≪送信済リスト≫20代後半_有効職_東日本,【未送信用】まずはキャリア相談から,1106,2026-01-27,12:10:00
2026-01-27,2026-01-27,5号機,≪送信済リスト≫20代前半_有効職_西日本,≪送信済用≫口コミ4.9あなたに合った仕事,556,2026-01-27,11:40:00
2026-01-27,2026-01-27,6号機,≪送信済リスト≫20代後半_職種不問_西日本,≪送信済用≫年収＆働きやすさを叶える,1224,2026-01-27,13:50:00
2026-01-27,2026-01-27,1号機,【未送信リスト】既登録_20代後半_職種不問,【未送信用】口コミ4.9オーダーメイド,192,2026-01-27,14:10:00
2026-01-27,2026-01-27,4号機,≪送信済リスト≫20代後半_有効職_西日本,【未送信用】まずはキャリア相談から,557,2026-01-27,14:10:00
2026-01-27,2026-01-27,5号機,≪送信済リスト≫20代前半_有効職_東日本,≪送信済用≫口コミ4.9あなたに合った仕事,1004,2026-01-27,14:20:00
2026-01-27,2026-01-27,6号機,≪送信済リスト≫年齢不問_営業職_全国,≪送信済用≫年収＆働きやすさを叶える,1014,2026-01-27,17:30:00
2026-01-27,2026-01-27,1号機,【未送信リスト】開放日_ログイン7日以内_職種不問,【未送信用】口コミ4.9オーダーメイド,2,2026-01-27,17:40:00
2026-01-28,2026-01-28,1号機,【未送信リスト】開放日_ログイン7日以内_職種不問,【未送信用】口コミ4.9オーダーメイド,211,2026-01-28,08:10:00
2026-01-28,2026-01-28,2号機,≪送信済リスト≫20代後半_職種不問_西日本,【未送信用】最短でベストマッチな紹介,1137,2026-01-28,08:10:00
2026-01-28,2026-01-28,3号機,≪送信済リスト≫20代前半_職種不問_西日本,≪送信済用≫年収＆働きやすさを叶える,1137,2026-01-28,08:10:00
2026-01-28,2026-01-28,4号機,≪送信済リスト≫20代前半_有効職_東日本,≪送信済用≫やりなおし就活,871,2026-01-28,08:15:00
2026-01-28,2026-01-28,5号機,≪送信済リスト≫20代後半_有効職_東日本,≪送信済用≫再オファー,1038,2026-01-28,08:15:00
2026-01-28,2026-01-28,6号機,≪送信済リスト≫20代前半_営業職_全国,≪送信済用≫マイナビaward受賞_実績あるサポート,350,2026-01-28,08:15:00
2026-01-28,2026-01-28,1号機,【未送信リスト】既登録_20代前半_職種不問,【未送信用】口コミ4.9オーダーメイド,106,2026-01-28,12:10:00
2026-01-28,2026-01-28,2号機,≪送信済リスト≫20代前半_職種不問_東日本②,【未送信用】最短でベストマッチな紹介,1219,2026-01-28,13:30:00
2026-01-28,2026-01-28,3号機,≪送信済リスト≫20代後半_職種不問_東日本①,≪送信済用≫年収＆働きやすさを叶える,1682,2026-01-28,13:30:00
2026-01-28,2026-01-28,4号機,≪送信済リスト≫20代前半_有効職_西日本,≪送信済用≫やりなおし就活,608,2026-01-28,13:30:00
2026-01-28,2026-01-28,5号機,≪送信済リスト≫20代後半_有効職_西日本,≪送信済用≫再オファー,573,2026-01-28,13:30:00
2026-01-28,2026-01-28,6号機,≪送信済リスト≫20代後半_営業職_全国,≪送信済用≫マイナビaward受賞_実績あるサポート,425,2026-01-28,13:30:00
2026-01-28,2026-01-28,1号機,【未送信リスト】既登録_20代後半_職種不問,【未送信用】口コミ4.9オーダーメイド,92,2026-01-28,14:20:00
2026-01-28,2026-01-28,4号機,≪送信済リスト≫20代前半_有効職_東日本,≪送信済用≫やりなおし就活,1057,2026-01-28,18:00:00
2026-01-28,2026-01-28,5号機,≪送信済リスト≫20代後半_有効職_東日本,≪送信済用≫再オファー,1246,2026-01-28,18:00:00
2026-01-28,2026-01-28,6号機,≪送信済リスト≫年齢不問_営業職_全国,≪送信済用≫マイナビaward受賞_実績あるサポート,1031,2026-01-28,18:00:00
2026-01-28,2026-01-28,1号機,【未送信リスト】開放日_職種不問,【未送信用】口コミ4.9オーダーメイド,1,2026-01-28,18:00:00
2026-01-29,2026-01-29,1号機,【未送信リスト】開放日_ログイン7日以内_職種不問,【未送信用】まずはキャリア相談から,198,2026-01-29,08:20:00
2026-01-29,2026-01-29,2号機,≪送信済リスト≫20代前半_職種不問_東日本①,【未送信用】最短でベストマッチな紹介,1192,2026-01-29,08:20:00
2026-01-29,2026-01-29,3号機,≪送信済リスト≫20代後半_職種不問_東日本②,≪送信済用≫年収＆働きやすさを叶える,953,2026-01-29,08:20:00
2026-01-29,2026-01-29,4号機,≪送信済リスト≫20代後半_有効職_東日本,≪送信済用≫口コミ4.9オーダーメイド,1015,2026-01-29,08:20:00
2026-01-29,2026-01-29,5号機,≪送信済リスト≫年齢不問_営業職_全国,≪送信済用≫再オファー,862,2026-01-29,08:20:00
2026-01-29,2026-01-29,6号機,≪送信済リスト≫20代前半_有効職_東日本,≪送信済用≫マイナビaward受賞_実績あるサポート,878,2026-01-29,08:20:00
2026-01-29,2026-01-29,1号機,【未送信リスト】既登録_20代前半_職種不問,【未送信用】まずはキャリア相談から,78,2026-01-29,12:10:00
2026-01-29,2026-01-29,2号機,≪送信済リスト≫20代前半_職種不問_西日本,【未送信用】最短でベストマッチな紹介,1308,2026-01-29,15:10:00
2026-01-29,2026-01-29,3号機,≪送信済リスト≫20代後半_職種不問_西日本,≪送信済用≫年収＆働きやすさを叶える,1286,2026-01-29,15:10:00
2026-01-29,2026-01-29,4号機,≪送信済リスト≫登録日3～7日前_年齢・職種不問,≪送信済用≫口コミ4.9オーダーメイド,454,2026-01-29,13:50:00
2026-01-29,2026-01-29,5号機,≪送信済リスト≫登録日直近30日_年齢・職種不問,≪送信済用≫再オファー,1486,2026-01-29,15:00:00
2026-01-29,2026-01-29,6号機,≪送信済リスト≫登録日2日前_年齢・職種不問,≪送信済用≫マイナビaward受賞_実績あるサポート,126,2026-01-29,13:50:00
2026-01-29,2026-01-29,1号機,【未送信リスト】既登録_20代後半_職種不問,【未送信用】まずはキャリア相談から,60,2026-01-29,13:50:00
2026-01-29,2026-01-29,2号機,≪送信済リスト≫登録日直近30日_年齢・職種不問,【未送信用】最短でベストマッチな紹介,783,2026-01-29,17:30:00
2026-01-29,2026-01-29,3号機,≪送信済リスト≫登録日直近30日_年齢・職種不問,≪送信済用≫年収＆働きやすさを叶える,755,2026-01-29,17:30:00
2026-01-29,2026-01-29,4号機,≪送信済リスト≫登録日2日前_年齢・職種不問,≪送信済用≫口コミ4.9オーダーメイド,131,2026-01-29,17:30:00
2026-01-29,2026-01-29,5号機,≪送信済リスト≫年齢不問_営業職_全国,≪送信済用≫再オファー,990,2026-01-29,16:40:00
2026-01-29,2026-01-29,6号機,≪送信済リスト≫20代前半_有効職_西日本,≪送信済用≫マイナビaward受賞_実績あるサポート,611,2026-01-29,15:30:00
2026-01-29,2026-01-29,1号機,【未送信リスト】既登録_年齢不問_職種不問,【未送信用】まずはキャリア相談から,72,2026-01-29,14:50:00
2026-01-29,2026-01-29,6号機,【未送信リスト】既登録_ログイン7日以内_年齢不問,≪送信済用≫マイナビaward受賞_実績あるサポート,208,2026-01-29,17:00:00
2026-01-29,2026-01-29,1号機,【未送信リスト】既登録_ログイン7日以内_年齢不問,【未送信用】まずはキャリア相談から,154,2026-01-29,17:00:00
2026-01-29,2026-01-29,1号機,【未送信リスト】開放日_ログイン7日以内_職種不問,【未送信用】まずはキャリア相談から,0,2026-01-29,18:30:00
2026-01-30,2026-02-02,1号機,【未送信リスト】開放日_有効職,【未送信用】まずはキャリア相談から,75,2026-01-30,08:20:00
2026-01-30,2026-02-02,2号機,≪送信済リスト≫登録日2日前_年齢・職種不問,【未送信用】最短でベストマッチな紹介,116,2026-01-30,08:20:00
2026-01-30,2026-02-02,3号機,≪送信済リスト≫登録日3～7日前_年齢・職種不問,≪送信済用≫年収＆働きやすさを叶える,426,2026-01-30,08:20:00
2026-01-30,2026-02-02,4号機,≪送信済リスト≫年齢不問_営業職_全国,≪送信済用≫口コミ4.9オーダーメイド,782,2026-01-30,08:20:00
2026-01-30,2026-02-02,5号機,≪送信済リスト≫20代前半_有効職_東日本,≪送信済用≫再オファー,798,2026-01-30,08:20:00
2026-01-30,2026-02-02,6号機,≪送信済リスト≫20代後半_有効職_東日本,≪送信済用≫マイナビaward受賞_実績あるサポート,910,2026-01-30,08:20:00
2026-01-30,2026-02-02,1号機,【未送信リスト】開放日_職種不問,【未送信用】まずはキャリア相談から,107,2026-01-30,09:50:00
2026-01-30,2026-02-02,2号機,≪送信済リスト≫登録日直近30日_年齢・職種不問,【未送信用】最短でベストマッチな紹介,619,2026-01-30,11:30:00
2026-01-30,2026-02-02,3号機,≪送信済リスト≫登録日直近30日_年齢・職種不問,≪送信済用≫年収＆働きやすさを叶える,718,2026-01-30,11:30:00
2026-01-30,2026-02-02,4号機,≪送信済リスト≫20代前半_職種不問_西日本,≪送信済用≫口コミ4.9オーダーメイド,1263,2026-01-30,18:40:00
2026-01-30,2026-02-02,5号機,≪送信済リスト≫20代前半_有効職_西日本,≪送信済用≫再オファー,511,2026-01-30,12:00:00
2026-01-30,2026-02-02,6号機,≪送信済リスト≫20代後半_有効職_西日本,≪送信済用≫マイナビaward受賞_実績あるサポート,489,2026-01-30,12:00:00
2026-01-30,2026-02-02,1号機,【未送信リスト】既登録_年齢不問_職種不問,【未送信用】まずはキャリア相談から,64,2026-01-30,11:50:00
2026-01-30,2026-02-02,2号機,≪送信済リスト≫20代後半_職種不問_東日本②,【未送信用】最短でベストマッチな紹介,1036,2026-01-30,18:30:00
2026-01-30,2026-02-02,3号機,≪送信済リスト≫20代前半_職種不問_東日本②,≪送信済用≫年収＆働きやすさを叶える,1136,2026-01-30,18:30:00
2026-01-30,2026-02-02,5号機,≪送信済リスト≫20代前半_職種不問_東日本①,≪送信済用≫再オファー,1344,2026-01-30,17:20:00
2026-01-30,2026-02-02,6号機,≪送信済リスト≫20代後半_職種不問_東日本①,≪送信済用≫マイナビaward受賞_実績あるサポート,1589,2026-01-30,17:20:00
2026-01-30,2026-02-02,1号機,【未送信リスト】既登録_ログイン7日以内_職種不問,【未送信用】まずはキャリア相談から,24,2026-01-30,16:10:00
2026-01-30,2026-02-02,5号機,≪送信済リスト≫20代後半_職種不問_西日本,≪送信済用≫再オファー,1234,2026-01-30,18:40:00
2026-01-30,2026-02-02,6号機,≪送信済リスト≫登録日14日以内_年齢・職種不問,≪送信済用≫マイナビaward受賞_実績あるサポート,1275,2026-01-30,18:40:00
2026-01-30,2026-02-02,1号機,【未送信リスト】開放日_ログイン7日以内_職種不問,【未送信用】まずはキャリア相談から,0,2026-01-30,18:30:00
2026-02-02,2026-02-02,1号機,【未送信リスト】開放日_職種不問,【未送信用】まずはキャリア相談から,169,2026-02-02,08:20:00
2026-02-02,2026-02-02,2号機,≪送信済リスト≫登録日直近30日_年齢・職種不問,【未送信用】最短でベストマッチな紹介,1150,2026-02-02,08:20:00
2026-02-02,2026-02-02,3号機,≪送信済リスト≫登録日3～7日前_年齢・職種不問,≪送信済用≫年収＆働きやすさを叶える,346,2026-02-02,08:20:00
2026-02-02,2026-02-02,4号機,≪送信済リスト≫登録日2日前_年齢・職種不問,≪送信済用≫口コミ4.9オーダーメイド,70,2026-02-02,08:20:00
2026-02-02,2026-02-02,5号機,≪送信済リスト≫20代後半_営業職_全国,≪送信済用≫再オファー,312,2026-02-02,08:20:00
2026-02-02,2026-02-02,6号機,≪送信済リスト≫20代後半_営業職_全国,≪送信済用≫マイナビaward受賞_実績あるサポート,285,2026-02-02,08:20:00
2026-02-02,2026-02-02,1号機,【未送信リスト】既登録_年齢不問_職種不問,【未送信用】まずはキャリア相談から,201,2026-02-02,12:00:00
2026-02-02,2026-02-02,2号機,≪送信済リスト≫20代前半_職種不問_東日本①,≪送信済用≫希望を叶える転職,1272,2026-02-02,15:00:00
2026-02-02,2026-02-02,3号機,≪送信済リスト≫20代前半_職種不問_西日本,≪送信済用≫年収＆働きやすさを叶える,1145,2026-02-02,15:00:00
2026-02-02,2026-02-02,4号機,≪送信済リスト≫20代後半_職種不問_西日本,≪送信済用≫口コミ4.9オーダーメイド,946,2026-02-02,10:00:00
2026-02-02,2026-02-02,5号機,≪送信済リスト≫20代前半_職種不問_西日本,≪送信済用≫再オファー,1146,2026-02-02,15:00:00
2026-02-02,2026-02-02,6号機,≪送信済リスト≫登録日14日以内_年齢・職種不問,≪送信済用≫マイナビaward受賞_実績あるサポート,1119,2026-02-02,15:00:00
2026-02-02,2026-02-02,1号機,【未送信リスト】既登録_ログイン7日以内_職種不問,【未送信用】まずはキャリア相談から,72,2026-02-02,17:00:00
2026-02-02,2026-02-02,3号機,≪送信済リスト≫24～24年_職種不問,≪送信済用≫年収＆働きやすさを叶える,1046,2026-02-02,16:30:00
2026-02-02,2026-02-02,4号機,≪ログインしてない層≫25～25年_職種不問,≪送信済用≫口コミ4.9オーダーメイド,721,2026-02-02,17:10:00
2026-02-02,2026-02-02,5号機,≪ログインしてない層≫24～24年_職種不問,≪送信済用≫再オファー,979,2026-02-02,17:10:00
2026-02-02,2026-02-02,6号機,≪ログインしてない層≫23～23年_職種不問,≪送信済用≫マイナビaward受賞_実績あるサポート,872,2026-02-02,18:00:00
2026-02-03,2026-02-04,1号機,【未送信リスト】開放日_職種不問,【未送信用】まずはキャリア相談から,220,2026-02-03,08:20:00
2026-02-03,2026-02-04,2号機,≪送信済リスト≫年齢不問_営業職_全国,≪送信済用≫再オファー,855,2026-02-03,08:20:00
2026-02-03,2026-02-04,3号機,≪送信済リスト≫登録日直近30日_年齢・職種不問,≪送信済用≫年収＆働きやすさを叶える,824,2026-02-03,08:20:00
2026-02-03,2026-02-04,4号機,≪送信済リスト≫登録日15日以内_年齢・職種不問,≪送信済用≫口コミ4.9オーダーメイド,528,2026-02-03,08:20:00
2026-02-03,2026-02-04,5号機,≪送信済リスト≫登録日3～7日前_年齢・職種不問,【未送信用】最短でベストマッチな紹介,378,2026-02-03,08:20:00
2026-02-03,2026-02-04,6号機,≪送信済リスト≫登録日2日前_年齢・職種不問,≪送信済用≫マイナビaward受賞_実績あるサポート,110,2026-02-03,08:20:00
2026-02-03,2026-02-04,1号機,【未送信リスト】既登録_年齢不問_職種不問,【未送信用】まずはキャリア相談から,98,2026-02-03,13:30:00
2026-02-03,2026-02-04,2号機,≪送信済リスト≫20代後半_職種不問_東日本①,≪送信済用≫再オファー,1502,2026-02-03,11:30:00
2026-02-03,2026-02-04,3号機,≪送信済リスト≫20代前半_職種不問_西日本,≪送信済用≫年収＆働きやすさを叶える,1199,2026-02-03,11:30:00
2026-02-03,2026-02-04,4号機,≪送信済リスト≫20代前半_職種不問_東日本②,≪送信済用≫口コミ4.9オーダーメイド,1111,2026-02-03,10:30:00
2026-02-03,2026-02-04,5号機,≪送信済リスト≫20代前半_職種不問_東日本①,【未送信用】最短でベストマッチな紹介,1293,2026-02-03,11:30:00
2026-02-03,2026-02-04,6号機,≪送信済リスト≫20代後半_職種不問_東日本②,≪送信済用≫マイナビaward受賞_実績あるサポート,989,2026-02-03,10:30:00
2026-02-03,2026-02-04,1号機,【未送信リスト】既登録_ログイン7日以内_職種不問,【未送信用】まずはキャリア相談から,2,2026-02-03,15:40:00
2026-02-03,2026-02-04,2号機,≪ログインしてない層≫22～22年_職種不問,≪送信済用≫再オファー,694,2026-02-03,15:40:00
2026-02-03,2026-02-04,3号機,≪ログインしてない層≫20～21年_職種不問,≪送信済用≫年収＆働きやすさを叶える,863,2026-02-03,15:40:00
2026-02-03,2026-02-04,4号機,≪ログインしてない層≫18～19年_職種不問,≪送信済用≫口コミ4.9オーダーメイド,995,2026-02-03,15:40:00
2026-02-03,2026-02-04,5号機,≪ログインしてない層≫25～25年_職種不問,【未送信用】最短でベストマッチな紹介,698,2026-02-03,15:40:00
2026-02-03,2026-02-04,6号機,≪ログインしてない層≫15～17年_職種不問,≪送信済用≫マイナビaward受賞_実績あるサポート,861,2026-02-03,15:40:00
2026-02-03,2026-02-04,1号機,【未送信リスト】開放日_職種不問,【未送信用】まずはキャリア相談から,0,2026-02-03,19:00:00
2026-02-04,2026-02-05,1号機,【未送信リスト】開放日_職種不問,【未送信用】まずはキャリア相談から,164,2026-02-04,08:40:00
2026-02-04,2026-02-05,2号機,≪送信済リスト≫登録日直近30日_年齢・職種不問,≪送信済用≫再オファー,845,2026-02-04,08:56:00
2026-02-04,2026-02-05,3号機,≪送信済リスト≫年齢不問_営業職_全国,≪送信済用≫年収＆働きやすさを叶える,839,2026-02-04,09:04:00
2026-02-04,2026-02-05,4号機,≪送信済リスト≫登録日2日前_年齢・職種不問,≪送信済用≫口コミ4.9オーダーメイド,140,2026-02-04,09:06:00
2026-02-04,2026-02-05,5号機,≪送信済リスト≫登録日15日以内_年齢・職種不問,【未送信用】最短でベストマッチな紹介,538,2026-02-04,09:08:00
2026-02-04,2026-02-05,6号機,≪送信済リスト≫登録日3～7日前_年齢・職種不問,≪送信済用≫マイナビaward受賞_実績あるサポート,338,2026-02-04,09:10:00
2026-02-04,2026-02-05,1号機,【未送信リスト】既登録_年齢不問_職種不問,【未送信用】まずはキャリア相談から,95,2026-02-04,11:00:00
2026-02-04,2026-02-05,2号機,≪送信済リスト≫20代後半_職種不問_西日本,≪送信済用≫再オファー,1197,2026-02-04,11:15:00
2026-02-04,2026-02-05,3号機,≪送信済リスト≫20代後半_職種不問_東日本①,≪送信済用≫年収＆働きやすさを叶える,1486,2026-02-04,11:15:00
2026-02-04,2026-02-05,4号機,≪送信済リスト≫20代後半_職種不問_東日本②,≪送信済用≫口コミ4.9オーダーメイド,986,2026-02-04,11:20:00
2026-02-04,2026-02-05,5号機,≪送信済リスト≫20代前半_職種不問_東日本②,【未送信用】最短でベストマッチな紹介,1114,2026-02-04,11:20:00
2026-02-04,2026-02-05,6号機,≪送信済リスト≫20代前半_職種不問_東日本①,≪送信済用≫マイナビaward受賞_実績あるサポート,1266,2026-02-04,11:20:00
2026-02-04,2026-02-05,1号機,【未送信リスト】既登録_ログイン7日以内_職種不問,【未送信用】まずはキャリア相談から,2,2026-02-04,16:20:00
2026-02-05,2026-02-06,1号機,【未送信リスト】開放日_職種不問,【未送信用】まずはキャリア相談から,196,2026-02-05,08:30:00
2026-02-05,2026-02-06,2号機,≪送信済リスト≫24～24年_職種不問,≪送信済用≫再オファー,988,2026-02-05,08:30:00
2026-02-05,2026-02-06,3号機,≪ログインしてない層≫22～22年_職種不問,≪送信済用≫年収＆働きやすさを叶える,1567,2026-02-05,08:30:00
2026-02-05,2026-02-06,4号機,≪送信済リスト≫20～21年_職種不問,≪送信済用≫口コミ4.9オーダーメイド,838,2026-02-05,08:30:00
2026-02-05,2026-02-06,5号機,≪送信済リスト≫18～19年_職種不問,【未送信用】最短でベストマッチな紹介,1020,2026-02-05,08:30:00
2026-02-05,2026-02-06,6号機,≪送信済リスト≫25～25年_職種不問,≪送信済用≫マイナビaward受賞_実績あるサポート,835,2026-02-05,08:35:00
2026-02-05,2026-02-06,1号機,【未送信リスト】既登録_年齢不問_職種不問,【未送信用】まずはキャリア相談から,65,2026-02-05,11:00:00
2026-02-05,2026-02-06,2号機,≪送信済リスト≫20代前半_職種不問_西日本,≪送信済用≫再オファー,1210,2026-02-05,11:05:00
2026-02-05,2026-02-06,3号機,≪送信済リスト≫20代後半_職種不問_東日本①,≪送信済用≫年収＆働きやすさを叶える,1525,2026-02-05,11:05:00
2026-02-05,2026-02-06,4号機,≪送信済リスト≫20代後半_職種不問_東日本②,≪送信済用≫口コミ4.9オーダーメイド,976,2026-02-05,11:05:00
2026-02-05,2026-02-06,5号機,≪送信済リスト≫20代前半_職種不問_東日本②,【未送信用】最短でベストマッチな紹介,1117,2026-02-05,11:10:00
2026-02-05,2026-02-06,6号機,≪送信済リスト≫20代前半_職種不問_東日本①,≪送信済用≫マイナビaward受賞_実績あるサポート,1261,2026-02-05,11:15:00
2026-02-05,2026-02-06,1号機,【未送信リスト】既登録_ログイン7日以内_職種不問,【未送信用】まずはキャリア相談から,0,2026-02-05,16:05:00
2026-02-06,2026-02-09,1号機,【未送信リスト】開放日_職種不問,【未送信用】まずはキャリア相談から,183,2026-02-06,08:30:00
2026-02-06,2026-02-09,2号機,≪送信済リスト≫登録日3～7日前_年齢・職種不問,≪送信済用≫再オファー,343,2026-02-06,08:30:00
2026-02-06,2026-02-09,3号機,≪送信済リスト≫登録日直近30日_年齢・職種不問,≪送信済用≫年収＆働きやすさを叶える,899,2026-02-06,08:30:00
2026-02-06,2026-02-09,4号機,≪送信済リスト≫登録日15日以内_年齢・職種不問,≪送信済用≫口コミ4.9オーダーメイド,482,2026-02-06,08:30:00
2026-02-06,2026-02-09,5号機,≪送信済リスト≫登録日2日前_年齢・職種不問,【未送信用】最短でベストマッチな紹介,96,2026-02-06,08:30:00
2026-02-06,2026-02-09,6号機,≪送信済リスト≫年齢不問_営業職_全国,≪送信済用≫マイナビaward受賞_実績あるサポート,788,2026-02-06,08:30:00
2026-02-06,2026-02-09,1号機,【未送信リスト】既登録_年齢不問_職種不問,【未送信用】まずはキャリア相談から,70,2026-02-06,11:30:00
2026-02-06,2026-02-09,2号機,≪送信済リスト≫20代前半_職種不問_東日本①,≪送信済用≫再オファー,1294,2026-02-06,14:00:00
2026-02-06,2026-02-09,3号機,≪送信済リスト≫20代後半_職種不問_西日本,≪送信済用≫年収＆働きやすさを叶える,1149,2026-02-06,11:00:00
2026-02-06,2026-02-09,4号機,≪送信済リスト≫20代後半_職種不問_東日本①,≪送信済用≫口コミ4.9オーダーメイド,1482,2026-02-06,11:00:00
2026-02-06,2026-02-09,5号機,≪送信済リスト≫20代後半_職種不問_東日本②,【未送信用】最短でベストマッチな紹介,951,2026-02-06,11:00:00
2026-02-06,2026-02-09,6号機,≪送信済リスト≫20代前半_職種不問_東日本②,≪送信済用≫マイナビaward受賞_実績あるサポート,1043,2026-02-06,11:00:00
2026-02-06,2026-02-09,1号機,【未送信リスト】開放日_ログイン7日以内_職種不問,【未送信用】まずはキャリア相談から,1,2026-02-06,18:00:00
2026-02-06,2026-02-09,2号機,≪送信済リスト≫20代後半_有効職_全国,≪送信済用≫年収＆働きやすさを叶える,1744,2026-02-06,18:30:00
2026-02-06,2026-02-09,3号機,≪送信済リスト≫20代前半_有効職_全国,≪送信済用≫やりなおし就活,1559,2026-02-06,18:30:00
2026-02-06,2026-02-09,6号機,≪送信済リスト≫登録日3～7日前_年齢・職種不問,≪送信済用≫再オファー,1661,2026-02-06,18:30:00
2026-02-09,2026-02-10,1号機,【未送信リスト】開放日_職種不問,【未送信用】まずはキャリア相談から,151,2026-02-09,08:30:00
2026-02-09,2026-02-10,2号機,≪送信済リスト≫20代前半_有効職_全国,≪送信済用≫やりなおし就活,1083,2026-02-09,08:30:00
2026-02-09,2026-02-10,3号機,≪送信済リスト≫20代後半_有効職_全国,≪送信済用≫再オファー,1143,2026-02-09,08:30:00
2026-02-09,2026-02-10,4号機,≪送信済リスト≫登録日3～7日前_年齢・職種不問,≪送信済用≫口コミ4.9オーダーメイド,814,2026-02-09,08:30:00
2026-02-09,2026-02-10,5号機,≪送信済リスト≫登録日2日前_年齢・職種不問,【未送信用】最短でベストマッチな紹介,115,2026-02-09,08:30:00
2026-02-09,2026-02-10,6号機,≪送信済リスト≫登録日15日以内_年齢・職種不問,≪送信済用≫マイナビaward受賞_実績あるサポート,348,2026-02-09,08:30:00
2026-02-09,2026-02-10,1号機,【未送信リスト】既登録_年齢不問_職種不問,【未送信用】まずはキャリア相談から,65,2026-02-09,11:00:00
2026-02-09,2026-02-10,2号機,≪送信済リスト≫24～24年_職種不問,≪送信済用≫やりなおし就活,867,2026-02-09,11:00:00
2026-02-09,2026-02-10,3号機,≪送信済リスト≫20～21年_職種不問,≪送信済用≫再オファー,716,2026-02-09,11:00:00
2026-02-09,2026-02-10,4号機,≪送信済リスト≫18～19年_職種不問,≪送信済用≫口コミ4.9オーダーメイド,514,2026-02-09,13:00:00
2026-02-09,2026-02-10,5号機,≪送信済リスト≫25～25年_職種不問,【未送信用】最短でベストマッチな紹介,734,2026-02-09,11:00:00
2026-02-09,2026-02-10,6号機,≪送信済リスト≫年齢不問_営業職_全国,≪送信済用≫マイナビaward受賞_実績あるサポート,701,2026-02-09,11:00:00
2026-02-10,2026-02-12,1号機,【未送信リスト】開放日_職種不問,【未送信用】まずはキャリア相談から,201,2026-02-10,08:10:00
2026-02-10,2026-02-12,2号機,≪送信済リスト≫20代後半_有効職_全国,≪送信済用≫マイナビaward受賞_実績あるサポート,1429,2026-02-10,08:10:00
2026-02-10,2026-02-12,3号機,≪送信済リスト≫登録日直近30日_年齢・職種不問,≪送信済用≫再オファー,1434,2026-02-10,08:10:00
2026-02-10,2026-02-12,4号機,≪送信済リスト≫登録日2日前_年齢・職種不問,≪送信済用≫口コミ4.9オーダーメイド,143,2026-02-10,08:10:00
2026-02-10,2026-02-12,5号機,≪送信済リスト≫登録日3～7日前_年齢・職種不問,【未送信用】最短でベストマッチな紹介,341,2026-02-10,08:10:00
2026-02-10,2026-02-12,1号機,【未送信リスト】既登録_ログイン7日以内_職種不問,【未送信用】まずはキャリア相談から,67,2026-02-10,12:00:00
2026-02-10,2026-02-12,2号機,≪送信済リスト≫24～24年_職種不問,≪送信済用≫マイナビaward受賞_実績あるサポート,1107,2026-02-10,18:50:00
2026-02-10,2026-02-12,3号機,≪送信済リスト≫20代前半_有効職_全国,≪送信済用≫再オファー,1454,2026-02-10,11:40:00
2026-02-10,2026-02-12,4号機,≪送信済リスト≫年齢不問_営業職_全国,≪送信済用≫口コミ4.9オーダーメイド,875,2026-02-10,11:40:00
2026-02-10,2026-02-12,5号機,≪送信済リスト≫15～17年_職種不問,【未送信用】最短でベストマッチな紹介,962,2026-02-10,14:00:00
2026-02-10,2026-02-12,3号機,≪送信済リスト≫22～23年_職種不問,≪送信済用≫再オファー,1819,2026-02-10,18:50:00
2026-02-10,2026-02-12,4号機,≪送信済リスト≫18～19年_職種不問,≪送信済用≫口コミ4.9オーダーメイド,478,2026-02-10,18:50:00
2026-02-10,2026-02-12,5号機,≪送信済リスト≫25～25年_職種不問,【未送信用】最短でベストマッチな紹介,991,2026-02-10,18:50:00
2026-02-12,2026-02-13,1号機,【未送信リスト】開放日_職種不問,【未送信用】まずはキャリア相談から,186,2026-02-12,08:20:00
2026-02-12,2026-02-13,2号機,≪送信済リスト≫20代後半_有効職_全国,≪送信済用≫年収＆働きやすさを叶える,1308,2026-02-12,08:20:00
2026-02-12,2026-02-13,3号機,≪送信済リスト≫20代前半_有効職_全国,≪送信済用≫やりなおし就活,1224,2026-02-12,08:20:00
2026-02-12,2026-02-13,4号機,≪送信済リスト≫登録日15日以内_年齢・職種不問,≪送信済用≫再オファー,651,2026-02-12,08:20:00
2026-02-12,2026-02-13,5号機,≪送信済リスト≫登録日2日前_年齢・職種不問,≪送信済用≫口コミ4.9オーダーメイド,354,2026-02-12,08:20:00
2026-02-12,2026-02-13,1号機,【未送信リスト】既登録_年齢不問_職種不問,【未送信用】まずはキャリア相談から,90,2026-02-12,14:00:00
2026-02-12,2026-02-13,4号機,≪送信済リスト≫20～21年_職種不問,≪送信済用≫再オファー,883,2026-02-12,14:00:00
2026-02-12,2026-02-13,5号機,≪送信済リスト≫24～24年_職種不問,≪送信済用≫口コミ4.9オーダーメイド,1026,2026-02-12,14:00:00
2026-02-13,2026-02-13,1号機,【未送信リスト】開放日_職種不問,【未送信用】まずはキャリア相談から,187,2026-02-13,08:30:00
2026-02-13,2026-02-13,2号機,≪送信済リスト≫登録日2日前_年齢・職種不問,≪送信済用≫年収＆働きやすさを叶える,522,2026-02-13,08:30:00
2026-02-13,2026-02-13,3号機,≪送信済リスト≫登録日直近30日_年齢・職種不問,≪送信済用≫やりなおし就活,1265,2026-02-13,08:30:00
2026-02-13,2026-02-13,4号機,≪送信済リスト≫登録日15日以内_年齢・職種不問,≪送信済用≫再オファー,1021,2026-02-13,08:30:00
2026-02-13,2026-02-13,1号機,【未送信リスト】既登録_ログイン7日以内_職種不問,【未送信用】まずはキャリア相談から,66,2026-02-13,12:00:00
2026-02-13,2026-02-13,2号機,≪送信済リスト≫20代後半_職種不問_東日本①,≪送信済用≫年収＆働きやすさを叶える,1585,2026-02-13,16:00:00
2026-02-13,2026-02-13,3号機,≪送信済リスト≫20代前半_職種不問_東日本①,≪送信済用≫やりなおし就活,1304,2026-02-13,14:00:00
2026-02-13,2026-02-13,4号機,≪送信済リスト≫年齢不問_営業職_全国,≪送信済用≫再オファー,902,2026-02-13,12:00:00
2026-02-14,2026-02-16,1号機,【未送信リスト】開放日_職種不問,【未送信用】まずはキャリア相談から,194,2026-02-14,07:20:00
2026-02-14,2026-02-16,2号機,≪送信済リスト≫20～21年_職種不問,≪送信済用≫再オファー,783,2026-02-14,07:20:00
2026-02-14,2026-02-16,3号機,≪送信済リスト≫18～19年_職種不問,≪送信済用≫マイナビaward受賞_実績あるサポート,928,2026-02-14,07:20:00
2026-02-14,2026-02-16,4号機,≪送信済リスト≫24～24年_職種不問,【未送信用】最短でベストマッチな紹介,883,2026-02-14,07:20:00
2026-02-14,2026-02-16,5号機,≪送信済リスト≫22～23年_職種不問,≪送信済用≫口コミ4.9あなたに合った仕事,1450,2026-02-14,07:20:00
2026-02-16,2026-02-17,1号機,【未送信リスト】開放日_職種不問,【未送信用】まずはキャリア相談から,114,2026-02-16,08:10:00
2026-02-16,2026-02-17,2号機,≪送信済リスト≫登録日15日以内_年齢・職種不問,≪送信済用≫再オファー,1422,2026-02-16,08:10:00
2026-02-16,2026-02-17,3号機,≪送信済リスト≫登録日2日前_年齢・職種不問,≪送信済用≫マイナビaward受賞_実績あるサポート,545,2026-02-16,08:10:00
2026-02-16,2026-02-17,4号機,≪送信済リスト≫20代後半_有効職_全国,【未送信用】最短でベストマッチな紹介,1152,2026-02-16,08:10:00
2026-02-16,2026-02-17,5号機,≪送信済リスト≫20代前半_有効職_全国,≪送信済用≫口コミ4.9あなたに合った仕事,1090,2026-02-16,08:10:00
2026-02-16,2026-02-17,1号機,【未送信リスト】既登録_ログイン7日以内_職種不問,【未送信用】まずはキャリア相談から,248,2026-02-16,11:00:00
2026-02-17,2026-02-18,1号機,【未送信リスト】開放日_職種不問,≪送信済用≫マイナビaward受賞_実績あるサポート,169,2026-02-17,08:10:00
2026-02-17,2026-02-18,2号機,≪送信済リスト≫20代後半_有効職_全国,≪送信済用≫年収＆働きやすさを叶える,1494,2026-02-17,08:10:00
2026-02-17,2026-02-18,3号機,≪送信済リスト≫20代前半_有効職_全国,≪送信済用≫やりなおし就活,1394,2026-02-17,08:10:00
2026-02-17,2026-02-18,4号機,≪送信済リスト≫登録日2日前_年齢・職種不問,≪送信済用≫口コミ4.9オーダーメイド,108,2026-02-17,08:10:00
2026-02-17,2026-02-18,1号機,【未送信リスト】既登録_ログイン7日以内_職種不問,≪送信済用≫マイナビaward受賞_実績あるサポート,72,2026-02-17,11:30:00
2026-02-17,2026-02-18,4号機,≪送信済リスト≫登録日3～7日前_年齢・職種不問,≪送信済用≫口コミ4.9オーダーメイド,432,2026-02-17,10:30:00
2026-02-18,2026-02-19,1号機,【未送信リスト】開放日_ログイン7日以内_職種不問,≪送信済用≫マイナビaward受賞_実績あるサポート,99,2026-02-18,08:20:00
2026-02-18,2026-02-19,2号機,≪送信済リスト≫20代後半_有効職_全国,≪送信済用≫マイナビaward受賞_実績あるサポート,1515,2026-02-18,08:20:00
2026-02-18,2026-02-19,3号機,≪送信済リスト≫20代前半_有効職_全国,≪送信済用≫再オファー,1395,2026-02-18,08:20:00
2026-02-18,2026-02-19,4号機,≪送信済リスト≫登録日2日前_年齢・職種不問,【未送信用】口コミ4.9オーダーメイド,163,2026-02-18,08:20:00
2026-02-18,2026-02-19,1号機,【未送信リスト】既登録_ログイン7日以内_職種不問,≪送信済用≫マイナビaward受賞_実績あるサポート,60,2026-02-18,12:00:00
2026-02-19,2026-02-20,1号機,【未送信リスト】開放日_ログイン7日以内_職種不問,【未送信用】最短でベストマッチな紹介,112,2026-02-19,08:10:00
2026-02-19,2026-02-20,2号機,≪送信済リスト≫25～25年_職種不問,≪送信済用≫やりなおし就活,833,2026-02-19,08:10:00
2026-02-19,2026-02-20,3号機,≪送信済リスト≫24～24年_職種不問,≪送信済用≫やりなおし就活,952,2026-02-19,08:10:00
2026-02-19,2026-02-20,4号機,≪送信済リスト≫登録日2日前_年齢・職種不問,≪送信済用≫年収＆働きやすさを叶える,162,2026-02-19,08:10:00
2026-02-19,2026-02-20,1号機,【未送信リスト】既登録_ログイン7日以内_職種不問,【未送信用】最短でベストマッチな紹介,58,2026-02-19,11:00:00
2026-02-19,2026-02-20,4号機,≪送信済リスト≫登録日3～7日前_年齢・職種不問,≪送信済用≫年収＆働きやすさを叶える,459,2026-02-19,11:00:00
2026-02-20,2026-02-20,1号機,【未送信リスト】開放日_ログイン7日以内_職種不問,【未送信用】最短でベストマッチな紹介,127,2026-02-20,08:10:00
2026-02-20,2026-02-20,2号機,≪送信済リスト≫22～23年_職種不問,≪送信済用≫年収＆働きやすさを叶える,1526,2026-02-20,08:10:00
2026-02-20,2026-02-20,3号機,≪送信済リスト≫20～21年_職種不問,≪送信済用≫希望を叶える転職,786,2026-02-20,08:10:00
2026-02-20,2026-02-20,4号機,≪送信済リスト≫登録日2日前_年齢・職種不問,≪送信済用≫マイナビaward受賞_実績あるサポート,176,2026-02-20,08:10:00
2026-02-20,2026-02-20,1号機,【未送信リスト】既登録_年齢不問_職種不問,【未送信用】最短でベストマッチな紹介,74,2026-02-20,13:30:00
2026-02-20,2026-02-20,4号機,≪送信済リスト≫登録日3～7日前_年齢・職種不問,≪送信済用≫マイナビaward受賞_実績あるサポート,379,2026-02-20,13:30:00
2026-02-20,2026-02-20,1号機,【未送信リスト】開放日_ログイン7日以内_職種不問,【未送信用】最短でベストマッチな紹介,0,2026-02-20,18:30:00
2026-02-21,2026-02-24,1号機,【未送信リスト】開放日_ログイン7日以内_職種不問,【未送信用】最短でベストマッチな紹介,52,2026-02-21,09:30:00
2026-02-21,2026-02-24,2号機,≪送信済リスト≫18～19年_職種不問,≪送信済用≫年収＆働きやすさを叶える,937,2026-02-21,09:30:00
2026-02-21,2026-02-24,3号機,≪送信済リスト≫15～17年_職種不問,≪送信済用≫希望を叶える転職,789,2026-02-21,09:30:00
2026-02-21,2026-02-24,4号機,≪送信済リスト≫登録日2日前_年齢・職種不問,≪送信済用≫マイナビaward受賞_実績あるサポート,478,2026-02-21,09:30:00
2026-02-23,2026-02-24,5号機,≪送信済リスト≫登録日15日以内_年齢・職種不問,≪送信済用≫マイナビaward受賞_実績あるサポート,822,2026-02-23,14:00:00
2026-02-23,2026-02-24,1号機,【未送信リスト】開放日_ログイン7日以内_職種不問,【未送信用】最短でベストマッチな紹介,72,2026-02-23,08:30:00
2026-02-23,2026-02-24,2号機,≪送信済リスト≫20代前半_有効職_全国,≪送信済用≫年収＆働きやすさを叶える,914,2026-02-23,08:30:00
2026-02-23,2026-02-24,3号機,≪送信済リスト≫20代後半_有効職_全国,≪送信済用≫希望を叶える転職,952,2026-02-23,08:30:00
2026-02-23,2026-02-24,4号機,≪送信済リスト≫登録日2日前_年齢・職種不問,≪送信済用≫マイナビaward受賞_実績あるサポート,512,2026-02-23,08:30:00
2026-02-23,2026-02-24,5号機,≪送信済リスト≫20～21年_職種不問,≪送信済用≫マイナビaward受賞_実績あるサポート,687,2026-02-23,16:00:00
2026-02-23,2026-02-24,1号機,【未送信リスト】既登録_ログイン7日以内_職種不問,【未送信用】最短でベストマッチな紹介,173,2026-02-23,11:30:00
2026-02-23,2026-02-24,2号機,≪送信済リスト≫25～25年_職種不問,≪送信済用≫年収＆働きやすさを叶える,678,2026-02-23,14:30:00
2026-02-23,2026-02-24,3号機,≪送信済リスト≫22～23年_職種不問,≪送信済用≫希望を叶える転職,1266,2026-02-23,14:30:00
2026-02-23,2026-02-24,4号機,≪送信済リスト≫24～24年_職種不問,≪送信済用≫マイナビaward受賞_実績あるサポート,795,2026-02-23,16:00:00
2026-02-24,2026-02-25,1号機,【未送信リスト】開放日_ログイン7日以内_職種不問,【未送信用】最短でベストマッチな紹介,95,2026-02-24,08:10:00
2026-02-24,2026-02-25,2号機,≪送信済リスト≫20代後半_有効職_全国,【未送信用】最短でベストマッチな紹介,1175,2026-02-24,08:10:00
2026-02-24,2026-02-25,3号機,≪送信済リスト≫20代前半_有効職_全国,≪送信済用≫再オファー,1083,2026-02-24,08:10:00
2026-02-24,2026-02-25,4号機,≪送信済リスト≫登録日2日前_年齢・職種不問,≪送信済用≫口コミ4.9あなたに合った仕事,110,2026-02-24,08:10:00
2026-02-24,2026-02-25,5号機,≪送信済リスト≫登録日3～7日前_年齢・職種不問,【未送信用】まずはキャリア相談から,377,2026-02-24,08:10:00
2026-02-24,2026-02-25,1号機,【未送信リスト】既登録_年齢不問_職種不問,【未送信用】最短でベストマッチな紹介,47,2026-02-24,12:00:00
2026-02-24,2026-02-25,2号機,≪送信済リスト≫15～17年_職種不問,【未送信用】最短でベストマッチな紹介,937,2026-02-24,17:00:00
2026-02-24,2026-02-25,3号機,≪送信済リスト≫25～25年_職種不問,≪送信済用≫再オファー,860,2026-02-24,17:00:00
2026-02-24,2026-02-25,4号機,≪送信済リスト≫登録日直近30日_年齢・職種不問,≪送信済用≫口コミ4.9あなたに合った仕事,1139,2026-02-24,10:30:00
2026-02-24,2026-02-25,5号機,≪送信済リスト≫24～24年_職種不問,【未送信用】まずはキャリア相談から,1059,2026-02-24,17:00:00
2026-02-24,2026-02-25,4号機,≪送信済リスト≫22～23年_職種不問,≪送信済用≫口コミ4.9あなたに合った仕事,1677,2026-02-24,17:00:00
2026-02-25,2026-02-26,1号機,【未送信リスト】開放日_ログイン7日以内_職種不問,【未送信用】最短でベストマッチな紹介,112,2026-02-25,08:00:00
2026-02-25,2026-02-26,2号機,≪送信済リスト≫登録日3～7日前_年齢・職種不問,≪送信済用≫口コミ4.9オーダーメイド,353,2026-02-25,08:00:00
2026-02-25,2026-02-26,3号機,≪送信済リスト≫登録日直近30日_年齢・職種不問,≪送信済用≫年収＆働きやすさを叶える,1338,2026-02-25,08:00:00
2026-02-25,2026-02-26,4号機,≪送信済リスト≫登録日2日前_年齢・職種不問,≪送信済用≫口コミ4.9あなたに合った仕事,147,2026-02-25,08:00:00
2026-02-25,2026-02-26,1号機,【未送信リスト】既登録_ログイン7日以内_職種不問,【未送信用】最短でベストマッチな紹介,55,2026-02-25,11:00:00
2026-02-25,2026-02-26,2号機,≪送信済リスト≫20代前半_有効職_全国,≪送信済用≫口コミ4.9オーダーメイド,1504,2026-02-25,13:30:00
2026-02-25,2026-02-26,3号機,≪送信済リスト≫20代後半_有効職_全国,≪送信済用≫年収＆働きやすさを叶える,1638,2026-02-25,13:30:00
2026-02-25,2026-02-26,4号機,≪送信済リスト≫18～19年_職種不問,≪送信済用≫口コミ4.9あなたに合った仕事,1173,2026-02-25,13:30:00
2026-02-26,2026-02-27,1号機,【未送信リスト】開放日_ログイン7日以内_職種不問,【未送信用】最短でベストマッチな紹介,89,2026-02-26,08:15:00
2026-02-26,2026-02-27,2号機,≪送信済リスト≫登録日3～7日前_年齢・職種不問,≪送信済用≫マイナビaward受賞_実績あるサポート,331,2026-02-26,08:15:00
2026-02-26,2026-02-27,4号機,≪送信済リスト≫登録日2日前_年齢・職種不問,【未送信用】まずはキャリア相談から,179,2026-02-26,08:15:00
2026-02-26,2026-02-27,5号機,≪送信済リスト≫登録日直近30日_年齢・職種不問,【未送信用】最短でベストマッチな紹介,1323,2026-02-26,10:10:00
2026-02-26,2026-02-27,1号機,【未送信リスト】既登録_年齢不問_職種不問,【未送信用】最短でベストマッチな紹介,40,2026-02-26,12:00:00
2026-02-26,2026-02-27,2号機,≪送信済リスト≫24～24年_職種不問,≪送信済用≫マイナビaward受賞_実績あるサポート,1105,2026-02-26,15:00:00
2026-02-26,2026-02-27,4号機,≪送信済リスト≫25～25年_職種不問,【未送信用】まずはキャリア相談から,856,2026-02-26,13:30:00
2026-02-26,2026-02-27,5号機,≪送信済リスト≫22～23年_職種不問,【未送信用】最短でベストマッチな紹介,1735,2026-02-26,15:00:00
2026-02-27,2026-03-02,1号機,【未送信リスト】開放日_ログイン7日以内_職種不問,【未送信用】最短でベストマッチな紹介,93,2026-02-27,08:10:00
2026-02-27,2026-03-02,2号機,≪送信済リスト≫登録日15日以内_年齢・職種不問,≪送信済用≫マイナビaward受賞_実績あるサポート,824,2026-02-27,08:10:00
2026-02-27,2026-03-02,3号機,≪送信済リスト≫登録日直近30日_年齢・職種不問,【未送信用】最短でベストマッチな紹介,1109,2026-02-27,08:10:00
2026-02-27,2026-03-02,4号機,≪送信済リスト≫登録日3～7日前_年齢・職種不問,≪送信済用≫マイナビaward受賞_実績あるサポート,315,2026-02-27,08:10:00
2026-02-27,2026-03-02,5号機,≪送信済リスト≫登録日2日前_年齢・職種不問,【未送信用】まずはキャリア相談から,146,2026-02-27,08:10:00
2026-02-27,2026-03-02,6号機,≪送信済リスト≫15～17年_職種不問,≪送信済用≫マイナビaward受賞_実績あるサポート,807,2026-02-27,10:00:00
2026-02-27,2026-03-02,1号機,【未送信リスト】既登録_年齢不問_職種不問,【未送信用】最短でベストマッチな紹介,41,2026-02-27,11:00:00
2026-02-27,2026-03-02,2号機,≪送信済リスト≫18～19年_職種不問,≪送信済用≫マイナビaward受賞_実績あるサポート,1023,2026-02-27,11:00:00
2026-02-27,2026-03-02,3号機,≪送信済リスト≫24～24年_職種不問,【未送信用】最短でベストマッチな紹介,975,2026-02-27,13:30:00
2026-02-27,2026-03-02,4号機,≪送信済リスト≫22～23年_職種不問,≪送信済用≫マイナビaward受賞_実績あるサポート,1567,2026-02-27,13:30:00
2026-02-27,2026-03-02,5号機,≪送信済リスト≫20～21年_職種不問,【未送信用】まずはキャリア相談から,836,2026-02-27,13:30:00
2026-03-02,2026-03-03,1号機,【未送信リスト】開放日_ログイン7日以内_職種不問,【未送信用】まずはキャリア相談から,132,2026-03-02,08:10:00
2026-03-02,2026-03-03,2号機,≪送信済リスト≫登録日2日前_年齢・職種不問,≪送信済用≫口コミ4.9あなたに合った仕事,404,2026-03-02,08:10:00
2026-03-02,2026-03-03,3号機,≪送信済リスト≫登録日直近30日_年齢・職種不問,≪送信済用≫再オファー,1072,2026-03-02,08:10:00
2026-03-02,2026-03-03,4号機,≪送信済リスト≫25～25年_職種不問,【未送信用】まずはキャリア相談から,629,2026-03-02,08:10:00
2026-03-02,2026-03-03,5号機,≪送信済リスト≫15～17年_職種不問,≪送信済用≫再オファー,616,2026-03-02,08:10:00
2026-03-02,2026-03-03,1号機,【未送信リスト】既登録_ログイン7日以内_職種不問,【未送信用】まずはキャリア相談から,47,2026-03-02,11:30:00
2026-03-02,2026-03-03,2号機,≪送信済リスト≫24～24年_職種不問,≪送信済用≫口コミ4.9あなたに合った仕事,999,2026-03-02,16:30:00
2026-03-02,2026-03-03,3号機,≪送信済リスト≫20～21年_職種不問,≪送信済用≫再オファー,870,2026-03-02,16:30:00
2026-03-03,2026-03-04,1号機,【未送信リスト】開放日_ログイン7日以内_職種不問,【未送信用】まずはキャリア相談から,127,2026-03-03,08:10:00
2026-03-03,2026-03-04,2号機,≪送信済リスト≫登録日直近30日_年齢・職種不問,≪送信済用≫マイナビaward受賞_実績あるサポート,1262,2026-03-03,08:10:00
2026-03-03,2026-03-04,3号機,≪送信済リスト≫登録日3～7日前_年齢・職種不問,【未送信用】口コミ4.9オーダーメイド,345,2026-03-03,08:10:00
2026-03-03,2026-03-04,4号機,≪送信済リスト≫登録日2日前_年齢・職種不問,【未送信用】最短でベストマッチな紹介,127,2026-03-03,08:10:00
2026-03-03,2026-03-04,1号機,【未送信リスト】既登録_ログイン7日以内_職種不問,【未送信用】まずはキャリア相談から,53,2026-03-03,11:30:00
2026-03-03,2026-03-04,2号機,≪送信済リスト≫20～21年_職種不問,≪送信済用≫マイナビaward受賞_実績あるサポート,886,2026-03-03,14:00:00
2026-03-03,2026-03-04,3号機,≪送信済リスト≫25～25年_職種不問,【未送信用】口コミ4.9オーダーメイド,915,2026-03-03,16:00:00
2026-03-03,2026-03-04,4号機,≪送信済リスト≫18～19年_職種不問,【未送信用】最短でベストマッチな紹介,1085,2026-03-03,12:00:00
2026-03-04,2026-03-05,1号機,【未送信リスト】開放日_ログイン7日以内_職種不問,【未送信用】まずはキャリア相談から,108,2026-03-04,08:10:00
2026-03-04,2026-03-05,2号機,≪送信済リスト≫登録日3～7日前_年齢・職種不問,≪送信済用≫マイナビaward受賞_実績あるサポート,312,2026-03-04,08:10:00
2026-03-04,2026-03-05,3号機,≪送信済リスト≫登録日直近30日_年齢・職種不問,【未送信用】口コミ4.9オーダーメイド,1244,2026-03-04,08:10:00
2026-03-04,2026-03-05,4号機,≪送信済リスト≫登録日2日前_年齢・職種不問,【未送信用】最短でベストマッチな紹介,180,2026-03-04,08:10:00
2026-03-04,2026-03-05,6号機,【求人個別配信用】タツミ札幌ルート営業,≪個別配信用≫タツミ札幌_ルート営業,86,2026-03-04,11:00:00
2026-03-04,2026-03-05,1号機,【未送信リスト】既登録_ログイン7日以内_職種不問,【未送信用】まずはキャリア相談から,50,2026-03-04,11:00:00
2026-03-04,2026-03-05,3号機,≪送信済リスト≫22～23年_職種不問,【未送信用】口コミ4.9オーダーメイド,1628,2026-03-04,13:30:00
2026-03-04,2026-03-05,4号機,≪送信済リスト≫24～24年_職種不問,【未送信用】最短でベストマッチな紹介,1054,2026-03-04,13:30:00
2026-03-05,2026-03-06,1号機,【未送信リスト】開放日_ログイン7日以内_職種不問,【未送信用】まずはキャリア相談から,99,2026-03-05,08:10:00
2026-03-05,2026-03-06,2号機,≪送信済リスト≫登録日3～7日前_年齢・職種不問,≪送信済用≫マイナビaward受賞_実績あるサポート,329,2026-03-05,08:10:00
2026-03-05,2026-03-06,3号機,≪送信済リスト≫登録日直近30日_年齢・職種不問,【未送信用】口コミ4.9オーダーメイド,1216,2026-03-05,08:10:00
2026-03-05,2026-03-06,4号機,≪送信済リスト≫登録日2日前_年齢・職種不問,【未送信用】最短でベストマッチな紹介,167,2026-03-05,08:10:00
2026-03-05,2026-03-06,1号機,【未送信リスト】既登録_ログイン7日以内_職種不問,【未送信用】まずはキャリア相談から,66,2026-03-05,11:30:00
2026-03-05,2026-03-06,2号機,≪送信済リスト≫22～23年_職種不問,≪送信済用≫マイナビaward受賞_実績あるサポート,1689,2026-03-05,15:00:00
2026-03-05,2026-03-06,3号機,≪送信済リスト≫18～19年_職種不問,【未送信用】口コミ4.9オーダーメイド,1170,2026-03-05,15:00:00
2026-03-05,2026-03-06,4号機,≪送信済リスト≫20～21年_職種不問,【未送信用】最短でベストマッチな紹介,932,2026-03-05,15:00:00
2026-03-06,2026-03-07,1号機,【未送信リスト】開放日_ログイン7日以内_職種不問,【未送信用】まずはキャリア相談から,93,2026-03-06,08:30:00
2026-03-06,2026-03-07,2号機,≪送信済リスト≫15～17年_職種不問,≪送信済用≫マイナビaward受賞_実績あるサポート,845,2026-03-06,11:00:00
2026-03-06,2026-03-07,3号機,≪送信済リスト≫25～25年_職種不問,【未送信用】口コミ4.9オーダーメイド,803,2026-03-06,11:00:00
2026-03-06,2026-03-07,4号機,≪送信済リスト≫登録日2日前_年齢・職種不問,【未送信用】最短でベストマッチな紹介,157,2026-03-06,08:30:00
2026-03-06,2026-03-07,5号機,≪送信済リスト≫登録日3～7日前_年齢・職種不問,≪送信済用≫再オファー,333,2026-03-06,09:30:00
2026-03-06,2026-03-07,1号機,【未送信リスト】既登録_ログイン7日以内_職種不問,【未送信用】まずはキャリア相談から,36,2026-03-06,11:00:00
2026-03-06,2026-03-07,4号機,≪送信済リスト≫24～24年_職種不問,【未送信用】最短でベストマッチな紹介,996,2026-03-06,13:30:00
2026-03-06,2026-03-07,5号機,≪送信済リスト≫20～21年_職種不問,≪送信済用≫再オファー,863,2026-03-06,13:30:00
2026-03-07,2026-03-09,1号機,【未送信リスト】既登録_ログイン7日以内_職種不問,【未送信用】まずはキャリア相談から,115,2026-03-07,08:30:00
2026-03-07,2026-03-09,2号機,≪送信済リスト≫22～23年_職種不問,≪送信済用≫マイナビaward受賞_実績あるサポート,1312,2026-03-07,08:30:00
2026-03-07,2026-03-09,3号機,≪送信済リスト≫15～17年_職種不問,≪送信済用≫再オファー,375,2026-03-07,08:30:00
2026-03-07,2026-03-09,4号機,≪送信済リスト≫25～25年_職種不問,≪送信済用≫やりなおし就活,700,2026-03-07,08:30:00
2026-03-07,2026-03-09,5号機,【求人個別配信用】タツミ石狩_事務職,≪個別配信用≫タツミ石狩_事務職,98,2026-03-07,11:00:00
2026-03-07,2026-03-09,6号機,【求人個別配信用】タツミ石狩_ルート営業,≪個別配信用≫タツミ石狩_ルート営業,68,2026-03-07,11:00:00
2026-03-09,2026-03-10,1号機,【未送信リスト】開放日_ログイン7日以内_職種不問,【未送信用】まずはキャリア相談から,73,2026-03-09,08:00:00
2026-03-09,2026-03-10,2号機,≪送信済リスト≫登録日2日前_年齢・職種不問,≪送信済用≫マイナビaward受賞_実績あるサポート,387,2026-03-09,08:00:00
2026-03-09,2026-03-10,3号機,≪送信済リスト≫登録日直近30日_年齢・職種不問,≪送信済用≫再オファー,1014,2026-03-09,08:00:00
2026-03-09,2026-03-10,4号機,≪送信済リスト≫18～19年_職種不問,【未送信用】最短でベストマッチな紹介,755,2026-03-09,08:00:00
2026-03-09,2026-03-10,5号機,≪送信済リスト≫15～17年_職種不問,≪送信済用≫年収＆働きやすさを叶える,603,2026-03-09,08:00:00
2026-03-09,2026-03-10,1号機,【未送信リスト】既登録_ログイン7日以内_職種不問,【未送信用】まずはキャリア相談から,40,2026-03-09,10:30:00
2026-03-09,2026-03-10,2号機,≪送信済リスト≫24～24年_職種不問,≪送信済用≫マイナビaward受賞_実績あるサポート,954,2026-03-09,16:30:00
2026-03-09,2026-03-10,3号機,≪送信済リスト≫20～21年_職種不問,≪送信済用≫再オファー,783,2026-03-09,15:30:00
2026-03-10,2026-03-11,1号機,【未送信リスト】開放日_ログイン7日以内_職種不問,【未送信用】まずはキャリア相談から,94,2026-03-10,08:00:00
2026-03-10,2026-03-11,2号機,≪送信済リスト≫登録日直近30日_年齢・職種不問,≪送信済用≫マイナビaward受賞_実績あるサポート,1171,2026-03-10,08:00:00
2026-03-10,2026-03-11,3号機,≪送信済リスト≫登録日3～7日前_年齢・職種不問,≪送信済用≫再オファー,314,2026-03-10,08:00:00
2026-03-10,2026-03-11,4号機,≪送信済リスト≫登録日2日前_年齢・職種不問,【未送信用】最短でベストマッチな紹介,109,2026-03-10,08:00:00
2026-03-10,2026-03-11,5号機,【求人個別配信用】タツミ石狩_事務/営業,≪個別配信用≫タツミ石狩_事務/営業,379,2026-03-10,16:30:00
2026-03-10,2026-03-11,1号機,【未送信リスト】既登録_ログイン7日以内_職種不問,【未送信用】まずはキャリア相談から,42,2026-03-10,11:00:00
2026-03-10,2026-03-11,2号機,≪送信済リスト≫25～25年_職種不問,≪送信済用≫マイナビaward受賞_実績あるサポート,839,2026-03-10,13:00:00
2026-03-10,2026-03-11,3号機,≪送信済リスト≫24～24年_職種不問,≪送信済用≫再オファー,1002,2026-03-10,13:00:00
2026-03-10,2026-03-11,4号機,≪送信済リスト≫22～23年_職種不問,【未送信用】最短でベストマッチな紹介,1509,2026-03-10,11:00:00
2026-03-11,2026-03-12,1号機,【未送信リスト】開放日_ログイン7日以内_職種不問,【未送信用】まずはキャリア相談から,88,2026-03-11,08:00:00
2026-03-11,2026-03-12,2号機,≪送信済リスト≫登録日3～7日前_年齢・職種不問,≪送信済用≫口コミ4.9オーダーメイド,269,2026-03-11,08:00:00
2026-03-11,2026-03-12,3号機,≪送信済リスト≫登録日直近30日_年齢・職種不問,≪送信済用≫希望を叶える転職,1137,2026-03-11,08:00:00
2026-03-11,2026-03-12,4号機,≪送信済リスト≫登録日2日前_年齢・職種不問,≪送信済用≫年収＆働きやすさを叶える,150,2026-03-11,08:00:00
2026-03-11,2026-03-12,5号機,【求人個別配信用】タツミ石狩_事務/営業,≪個別配信用≫タツミ石狩_事務/営業,342,2026-03-11,08:00:00
2026-03-11,2026-03-12,1号機,【未送信リスト】既登録_ログイン7日以内_職種不問,【未送信用】まずはキャリア相談から,35,2026-03-11,11:00:00
2026-03-11,2026-03-12,2号機,≪送信済リスト≫20～21年_職種不問,≪送信済用≫口コミ4.9オーダーメイド,881,2026-03-11,14:30:00
2026-03-11,2026-03-12,3号機,≪送信済リスト≫24～24年_職種不問,≪送信済用≫希望を叶える転職,868,2026-03-11,14:30:00
2026-03-11,2026-03-12,4号機,≪送信済リスト≫25～25年_職種不問,≪送信済用≫年収＆働きやすさを叶える,830,2026-03-11,12:00:00
2026-03-12,2026-03-13,1号機,【未送信リスト】開放日_ログイン7日以内_職種不問,【未送信用】最短でベストマッチな紹介,97,2026-03-12,08:00:00
2026-03-12,2026-03-13,2号機,≪送信済リスト≫登録日3～7日前_年齢・職種不問,≪送信済用≫再オファー,287,2026-03-12,08:00:00
2026-03-12,2026-03-13,3号機,≪送信済リスト≫登録日直近30日_年齢・職種不問,≪送信済用≫希望を叶える転職,1111,2026-03-12,08:00:00
2026-03-12,2026-03-13,4号機,≪送信済リスト≫登録日2日前_年齢・職種不問,≪送信済用≫マイナビaward受賞_実績あるサポート,147,2026-03-12,08:00:00
2026-03-12,2026-03-13,5号機,【求人個別配信用】タツミ石狩_事務/営業,≪個別配信用≫タツミ石狩_事務/営業,338,2026-03-12,08:00:00
2026-03-12,2026-03-13,1号機,【未送信リスト】既登録_ログイン7日以内_職種不問,【未送信用】最短でベストマッチな紹介,43,2026-03-12,11:00:00
2026-03-12,2026-03-13,2号機,≪送信済リスト≫18～19年_職種不問,≪送信済用≫再オファー,1072,2026-03-12,14:30:00
2026-03-12,2026-03-13,3号機,≪送信済リスト≫15～17年_職種不問,≪送信済用≫希望を叶える転職,920,2026-03-12,14:30:00
2026-03-12,2026-03-13,4号機,≪送信済リスト≫22～23年_職種不問,≪送信済用≫マイナビaward受賞_実績あるサポート,1518,2026-03-12,13:00:00
2026-03-13,2026-03-13,1号機,【未送信リスト】開放日_ログイン7日以内_職種不問,【未送信用】最短でベストマッチな紹介,93,2026-03-13,08:00:00
2026-03-13,2026-03-13,2号機,≪送信済リスト≫登録日3～7日前_年齢・職種不問,≪送信済用≫再オファー,295,2026-03-13,08:00:00
2026-03-13,2026-03-13,3号機,≪送信済リスト≫登録日直近30日_年齢・職種不問,≪送信済用≫希望を叶える転職,1074,2026-03-13,08:00:00
2026-03-13,2026-03-13,4号機,≪送信済リスト≫登録日2日前_年齢・職種不問,≪送信済用≫マイナビaward受賞_実績あるサポート,152,2026-03-13,08:00:00
2026-03-13,2026-03-13,5号機,【求人個別配信用】ディップ北関東_営業,≪個別配信用≫ディップ北関東_営業,530,2026-03-13,17:00:00
2026-03-13,2026-03-13,6号機,【求人個別配信用】ディップ関西/東海_営業,≪個別配信用≫ディップ関西/東海_営業,344,2026-03-13,17:00:00
2026-03-13,2026-03-13,1号機,【未送信リスト】既登録_ログイン7日以内_職種不問,【未送信用】最短でベストマッチな紹介,39,2026-03-13,11:30:00
2026-03-13,2026-03-13,2号機,≪送信済リスト≫24～24年_職種不問,≪送信済用≫再オファー,900,2026-03-13,12:00:00
2026-03-13,2026-03-13,3号機,≪送信済リスト≫25～25年_職種不問,≪送信済用≫希望を叶える転職,757,2026-03-13,12:00:00
2026-03-13,2026-03-13,4号機,≪送信済リスト≫20～21年_職種不問,≪送信済用≫マイナビaward受賞_実績あるサポート,760,2026-03-13,12:00:00
2026-03-16,2026-03-17,1号機,【未送信リスト】開放日_ログイン7日以内_職種不問,【未送信用】最短でベストマッチな紹介,68,2026-03-16,08:00:00
2026-03-16,2026-03-17,2号機,≪送信済リスト≫登録日2日前_年齢・職種不問,≪送信済用≫年収＆働きやすさを叶える,388,2026-03-16,08:00:00
2026-03-16,2026-03-17,3号機,≪送信済リスト≫登録日3～7日前_年齢・職種不問,≪送信済用≫年収＆働きやすさを叶える,443,2026-03-16,08:00:00
2026-03-16,2026-03-17,4号機,【求人個別配信用】タツミ石狩_事務/営業,≪個別配信用≫タツミ石狩_事務/営業,263,2026-03-16,08:00:00
2026-03-16,2026-03-17,5号機,【求人個別配信用】ディップ北関東_営業,≪個別配信用≫ディップ北関東_営業,343,2026-03-16,08:00:00
2026-03-16,2026-03-17,6号機,【求人個別配信用】ディップ関西/東海_営業,≪個別配信用≫ディップ関西/東海_営業,248,2026-03-16,08:00:00
2026-03-16,2026-03-17,1号機,【未送信リスト】既登録_ログイン7日以内_職種不問,【未送信用】最短でベストマッチな紹介,34,2026-03-16,11:00:00
2026-03-16,2026-03-17,2号機,≪送信済リスト≫22～23年_職種不問,≪送信済用≫年収＆働きやすさを叶える,1403,2026-03-16,17:00:00
2026-03-16,2026-03-17,3号機,≪送信済リスト≫20～21年_職種不問,≪送信済用≫年収＆働きやすさを叶える,784,2026-03-16,17:00:00
2026-03-18,2026-03-18,1号機,【未送信リスト】既登録_ログイン7日以内_職種不問,【未送信用】最短でベストマッチな紹介,102,2026-03-18,08:00:00
2026-03-18,2026-03-18,2号機,【求人個別配信用】ディップ愛知大阪兵庫_営業,≪個別配信用≫ディップ関西/東海_営業,274,2026-03-18,08:00:00
2026-03-18,2026-03-18,3号機,【求人個別配信用】ディップ茨城栃木群馬_営業,≪個別配信用≫ディップ北関東_営業,35,2026-03-18,08:00:00
2026-03-18,2026-03-18,4号機,【求人個別配信用】タツミ石狩_事務/営業,≪個別配信用≫タツミ石狩_事務/営業,332,2026-03-18,08:00:00
2026-03-18,2026-03-18,5号機,【求人個別配信用】ディップ関東_営業,≪個別配信用≫ディップ北関東_営業,449,2026-03-18,08:00:00
2026-03-18,2026-03-18,6号機,【求人個別配信用】ディップ静岡京都_営業,≪個別配信用≫ディップ関西/東海_営業,69,2026-03-18,08:00:00
2026-03-18,2026-03-18,2号機,≪送信済リスト≫登録日2日前_年齢・職種不問,【未送信用】まずはキャリア相談から,222,2026-03-18,15:00:00
2026-03-18,2026-03-18,3号機,≪送信済リスト≫25～25年_職種不問,≪送信済用≫再オファー,842,2026-03-18,15:00:00
2026-03-18,2026-03-18,4号機,≪送信済リスト≫24～24年_職種不問,≪送信済用≫やりなおし就活,987,2026-03-18,15:00:00
2026-03-18,2026-03-18,5号機,≪送信済リスト≫20～21年_職種不問,≪送信済用≫マイナビaward受賞_実績あるサポート,858,2026-03-18,15:00:00
2026-03-18,2026-03-18,6号機,≪送信済リスト≫22～23年_職種不問,≪送信済用≫再オファー,1606,2026-03-18,16:00:00
2026-03-18,2026-03-19,1号機,【未送信リスト】既登録_ログイン7日以内_職種不問,【未送信用】最短でベストマッチな紹介,50,2026-03-18,14:00:00
2026-03-18,2026-03-19,2号機,≪送信済リスト≫24～24年_職種不問,≪送信済用≫口コミ4.9オーダーメイド,995,2026-03-18,15:00:00
2026-03-18,2026-03-19,3号機,≪送信済リスト≫22～23年_職種不問,≪送信済用≫年収＆働きやすさを叶える,1089,2026-03-18,15:00:00
2026-03-19,2026-03-20,1号機,【未送信リスト】開放日_ログイン7日以内_職種不問,【未送信用】最短でベストマッチな紹介,106,2026-03-19,08:00:00
2026-03-19,2026-03-20,2号機,≪送信済リスト≫登録日15日以内_年齢・職種不問,≪送信済用≫口コミ4.9オーダーメイド,473,2026-03-19,08:00:00
2026-03-19,2026-03-20,3号機,≪送信済リスト≫登録日3～7日前_年齢・職種不問,≪送信済用≫年収＆働きやすさを叶える,309,2026-03-19,08:00:00
2026-03-19,2026-03-20,4号機,≪送信済リスト≫登録日直近30日_年齢・職種不問,【未送信用】最短でベストマッチな紹介,857,2026-03-19,08:00:00
2026-03-19,2026-03-20,5号機,≪送信済リスト≫登録日2日前_年齢・職種不問,≪送信済用≫マイナビaward受賞_実績あるサポート,148,2026-03-19,08:00:00
2026-03-19,2026-03-20,6号機,≪送信済リスト≫15～17年_職種不問,≪送信済用≫希望を叶える転職,765,2026-03-19,08:00:00
2026-03-19,2026-03-20,1号機,【未送信リスト】既登録_ログイン7日以内_職種不問,【未送信用】最短でベストマッチな紹介,33,2026-03-19,11:00:00
2026-03-19,2026-03-20,2号機,≪送信済リスト≫25～25年_職種不問,≪送信済用≫口コミ4.9オーダーメイド,880,2026-03-19,16:00:00
2026-03-19,2026-03-20,3号機,≪送信済リスト≫22～23年_職種不問,≪送信済用≫年収＆働きやすさを叶える,1482,2026-03-19,16:00:00
2026-03-19,2026-03-20,4号機,≪送信済リスト≫20～21年_職種不問,【未送信用】最短でベストマッチな紹介,841,2026-03-19,16:00:00
2026-03-19,2026-03-20,5号機,≪送信済リスト≫24～24年_職種不問,≪送信済用≫マイナビaward受賞_実績あるサポート,995,2026-03-19,16:00:00
2026-03-20,2026-03-21,1号機,【未送信リスト】開放日_ログイン7日以内_職種不問,【未送信用】最短でベストマッチな紹介,80,2026-03-20,09:00:00
2026-03-20,2026-03-21,2号機,≪送信済リスト≫年齢不問_営業職_全国,≪送信済用≫口コミ4.9オーダーメイド,656,2026-03-20,09:00:00
2026-03-20,2026-03-21,3号機,≪送信済リスト≫登録日3～7日前_年齢・職種不問,≪送信済用≫年収＆働きやすさを叶える,305,2026-03-20,09:00:00
2026-03-20,2026-03-21,4号機,≪送信済リスト≫登録日直近30日_年齢・職種不問,【未送信用】最短でベストマッチな紹介,768,2026-03-20,09:00:00
2026-03-20,2026-03-21,5号機,≪送信済リスト≫登録日15日以内_年齢・職種不問,≪送信済用≫マイナビaward受賞_実績あるサポート,530,2026-03-20,09:00:00
2026-03-20,2026-03-21,6号機,≪送信済リスト≫登録日2日前_年齢・職種不問,≪送信済用≫希望を叶える転職,161,2026-03-20,09:00:00
2026-03-20,2026-03-21,1号機,【未送信リスト】既登録_ログイン7日以内_職種不問,【未送信用】最短でベストマッチな紹介,5,2026-03-20,11:00:00
2026-03-20,2026-03-21,2号機,≪送信済リスト≫20～21年_職種不問,≪送信済用≫口コミ4.9オーダーメイド,786,2026-03-20,15:00:00
2026-03-20,2026-03-21,3号機,≪送信済リスト≫24～24年_職種不問,≪送信済用≫年収＆働きやすさを叶える,886,2026-03-20,15:00:00
2026-03-20,2026-03-21,4号機,≪送信済リスト≫25～25年_職種不問,【未送信用】最短でベストマッチな紹介,785,2026-03-20,15:00:00
2026-03-20,2026-03-21,5号機,≪送信済リスト≫22～23年_職種不問,≪送信済用≫マイナビaward受賞_実績あるサポート,1383,2026-03-20,15:00:00
2026-03-20,2026-03-21,6号機,≪送信済リスト≫18～19年_職種不問,≪送信済用≫希望を叶える転職,967,2026-03-20,15:00:00
2026-03-21,2026-03-23,1号機,【未送信リスト】既登録_ログイン7日以内_職種不問,【未送信用】最短でベストマッチな紹介,65,2026-03-21,09:00:00
2026-03-21,2026-03-23,2号機,≪送信済リスト≫登録日3～7日前_年齢・職種不問,≪送信済用≫口コミ4.9オーダーメイド,242,2026-03-21,09:00:00
2026-03-21,2026-03-23,3号機,≪送信済リスト≫年齢不問_営業職_全国,≪送信済用≫年収＆働きやすさを叶える,526,2026-03-21,09:00:00
2026-03-21,2026-03-23,4号機,≪送信済リスト≫登録日15日以内_年齢・職種不問,【未送信用】最短でベストマッチな紹介,472,2026-03-21,09:00:00
2026-03-21,2026-03-23,5号機,≪送信済リスト≫登録日直近30日_年齢・職種不問,≪送信済用≫マイナビaward受賞_実績あるサポート,628,2026-03-21,09:00:00
2026-03-21,2026-03-23,6号機,≪送信済リスト≫登録日2日前_年齢・職種不問,≪送信済用≫希望を叶える転職,145,2026-03-21,09:00:00
2026-03-21,2026-03-23,2号機,≪送信済リスト≫15～17年_職種不問,≪送信済用≫口コミ4.9オーダーメイド,705,2026-03-21,15:00:00
2026-03-21,2026-03-23,3号機,≪送信済リスト≫18～19年_職種不問,≪送信済用≫年収＆働きやすさを叶える,782,2026-03-21,15:00:00
2026-03-21,2026-03-23,4号機,≪送信済リスト≫20～21年_職種不問,【未送信用】最短でベストマッチな紹介,668,2026-03-21,15:00:00
2026-03-21,2026-03-23,5号機,≪送信済リスト≫25～25年_職種不問,≪送信済用≫マイナビaward受賞_実績あるサポート,657,2026-03-21,15:00:00
2026-03-21,2026-03-23,6号機,≪送信済リスト≫22～23年_職種不問,≪送信済用≫希望を叶える転職,1162,2026-03-21,15:00:00
2026-03-23,2026-03-24,1号機,【未送信リスト】開放日_ログイン7日以内_職種不問,【未送信用】最短でベストマッチな紹介,53,2026-03-23,09:00:00
2026-03-23,2026-03-24,2号機,≪送信済リスト≫登録日2日前_年齢・職種不問,≪送信済用≫口コミ4.9オーダーメイド,306,2026-03-23,10:00:00
2026-03-23,2026-03-24,3号機,≪送信済リスト≫登録日15日以内_年齢・職種不問,≪送信済用≫年収＆働きやすさを叶える,535,2026-03-23,10:00:00
2026-03-23,2026-03-24,4号機,≪送信済リスト≫登録日直近30日_年齢・職種不問,【未送信用】最短でベストマッチな紹介,509,2026-03-23,10:00:00
2026-03-23,2026-03-24,5号機,≪送信済リスト≫20代前半_営業職_全国,≪送信済用≫マイナビaward受賞_実績あるサポート,206,2026-03-23,10:00:00
2026-03-23,2026-03-24,6号機,≪送信済リスト≫20代後半_営業職_全国,≪送信済用≫希望を叶える転職,200,2026-03-23,10:00:00
2026-03-23,2026-03-24,1号機,【未送信リスト】既登録_ログイン7日以内_職種不問,【未送信用】最短でベストマッチな紹介,9,2026-03-23,12:00:00
2026-03-23,2026-03-24,2号機,≪送信済リスト≫22～23年_職種不問,≪送信済用≫口コミ4.9オーダーメイド,654,2026-03-23,14:00:00
2026-03-23,2026-03-24,3号機,≪送信済リスト≫24～24年_職種不問,≪送信済用≫年収＆働きやすさを叶える,679,2026-03-23,14:00:00
2026-03-23,2026-03-24,4号機,≪送信済リスト≫25～25年_職種不問,【未送信用】最短でベストマッチな紹介,638,2026-03-23,14:00:00
2026-03-23,2026-03-24,5号機,≪送信済リスト≫20～21年_職種不問,≪送信済用≫マイナビaward受賞_実績あるサポート,626,2026-03-23,14:00:00
2026-03-23,2026-03-24,6号機,≪送信済リスト≫15～17年_職種不問,≪送信済用≫希望を叶える転職,656,2026-03-23,14:00:00
2026-03-24,2026-03-25,1号機,【未送信リスト】開放日_ログイン7日以内_職種不問,【未送信用】最短でベストマッチな紹介,134,2026-03-24,08:00:00
2026-03-24,2026-03-25,2号機,≪送信済リスト≫22～23年_職種不問,≪送信済用≫口コミ4.9オーダーメイド,791,2026-03-24,08:00:00
2026-03-24,2026-03-25,3号機,≪送信済リスト≫24～24年_職種不問,≪送信済用≫年収＆働きやすさを叶える,863,2026-03-24,08:00:00
2026-03-24,2026-03-25,4号機,≪送信済リスト≫25～25年_職種不問,【未送信用】最短でベストマッチな紹介,754,2026-03-24,08:00:00
2026-03-24,2026-03-25,5号機,≪送信済リスト≫20～21年_職種不問,≪送信済用≫マイナビaward受賞_実績あるサポート,755,2026-03-24,08:00:00
2026-03-24,2026-03-25,6号機,≪送信済リスト≫15～17年_職種不問,≪送信済用≫希望を叶える転職,792,2026-03-24,08:00:00
2026-03-24,2026-03-25,1号機,【未送信リスト】既登録_ログイン7日以内_職種不問,【未送信用】最短でベストマッチな紹介,118,2026-03-24,12:00:00
2026-03-24,2026-03-25,2号機,≪送信済リスト≫登録日3～7日前_年齢・職種不問,≪送信済用≫口コミ4.9オーダーメイド,346,2026-03-24,10:00:00
2026-03-24,2026-03-25,3号機,≪送信済リスト≫登録日15日以内_年齢・職種不問,≪送信済用≫年収＆働きやすさを叶える,809,2026-03-24,10:00:00
2026-03-24,2026-03-25,4号機,≪送信済リスト≫登録日直近30日_年齢・職種不問,【未送信用】最短でベストマッチな紹介,927,2026-03-24,10:00:00
2026-03-24,2026-03-25,5号機,≪送信済リスト≫20代後半_営業職_全国,≪送信済用≫マイナビaward受賞_実績あるサポート,1953,2026-03-24,10:00:00
2026-03-24,2026-03-25,6号機,≪送信済リスト≫20代前半_営業職_全国,≪送信済用≫希望を叶える転職,440,2026-03-24,10:00:00
2026-03-24,2026-03-25,2号機,≪送信済リスト≫18～19年_職種不問,≪送信済用≫口コミ4.9オーダーメイド,1530,2026-03-24,15:00:00
2026-03-24,2026-03-25,3号機,≪送信済リスト≫20～21年_職種不問,≪送信済用≫年収＆働きやすさを叶える,1700,2026-03-24,15:00:00
2026-03-24,2026-03-25,4号機,≪送信済リスト≫22～23年_職種不問,【未送信用】最短でベストマッチな紹介,1170,2026-03-24,15:00:00
2026-03-24,2026-03-25,5号機,≪送信済リスト≫25～25年_職種不問,≪送信済用≫マイナビaward受賞_実績あるサポート,993,2026-03-24,15:00:00
2026-03-24,2026-03-25,6号機,≪送信済リスト≫24～24年_職種不問,≪送信済用≫希望を叶える転職,1261,2026-03-24,15:00:00
2026-03-25,2026-03-26,1号機,【未送信リスト】開放日_ログイン7日以内_職種不問,【未送信用】最短でベストマッチな紹介,132,2026-03-25,08:00:00
2026-03-25,2026-03-26,2号機,≪送信済リスト≫登録日2日前_年齢・職種不問,≪送信済用≫口コミ4.9オーダーメイド,186,2026-03-25,09:00:00
2026-03-25,2026-03-26,3号機,≪送信済リスト≫登録日直近30日_年齢・職種不問,≪送信済用≫年収＆働きやすさを叶える,671,2026-03-25,09:00:00
2026-03-25,2026-03-26,4号機,≪送信済リスト≫登録日直近30日_年齢・職種不問,【未送信用】最短でベストマッチな紹介,872,2026-03-25,09:00:00
2026-03-25,2026-03-26,5号機,≪送信済リスト≫登録日15日以内_年齢・職種不問,≪送信済用≫マイナビaward受賞_実績あるサポート,849,2026-03-25,09:00:00
2026-03-25,2026-03-26,6号機,≪送信済リスト≫登録日3～7日前_年齢・職種不問,≪送信済用≫希望を叶える転職,285,2026-03-25,09:00:00
2026-03-25,2026-03-26,1号機,【未送信リスト】既登録_ログイン7日以内_職種不問,【未送信用】最短でベストマッチな紹介,97,2026-03-25,12:00:00
2026-03-25,2026-03-26,2号機,≪送信済リスト≫24～24年_職種不問,≪送信済用≫口コミ4.9オーダーメイド,1245,2026-03-25,15:00:00
2026-03-25,2026-03-26,3号機,≪送信済リスト≫15～17年_職種不問,≪送信済用≫年収＆働きやすさを叶える,1421,2026-03-25,15:00:00
2026-03-25,2026-03-26,4号機,≪送信済リスト≫18～19年_職種不問,【未送信用】最短でベストマッチな紹介,1476,2026-03-25,15:00:00
2026-03-25,2026-03-26,5号機,≪送信済リスト≫20～21年_職種不問,≪送信済用≫マイナビaward受賞_実績あるサポート,1716,2026-03-25,15:00:00
2026-03-25,2026-03-26,6号機,≪送信済リスト≫22～23年_職種不問,≪送信済用≫希望を叶える転職,1266,2026-03-25,15:00:00
2026-03-26,2026-03-27,1号機,【未送信リスト】既登録_ログイン7日以内_職種不問,【未送信用】最短でベストマッチな紹介,24,2026-03-26,10:00:00
2026-03-26,2026-03-27,2号機,≪送信済リスト≫登録日15日以内_年齢・職種不問,≪送信済用≫口コミ4.9オーダーメイド,905,2026-03-26,10:00:00
2026-03-26,2026-03-27,3号機,≪送信済リスト≫登録日直近30日_年齢・職種不問,≪送信済用≫年収＆働きやすさを叶える,869,2026-03-26,10:00:00
2026-03-26,2026-03-27,4号機,≪送信済リスト≫登録日直近30日_年齢・職種不問,【未送信用】最短でベストマッチな紹介,653,2026-03-26,10:00:00
2026-03-26,2026-03-27,5号機,≪送信済リスト≫登録日2日前_年齢・職種不問,≪送信済用≫マイナビaward受賞_実績あるサポート,194,2026-03-26,10:00:00
2026-03-26,2026-03-27,6号機,≪送信済リスト≫登録日3～7日前_年齢・職種不問,≪送信済用≫希望を叶える転職,291,2026-03-26,10:00:00
2026-03-26,2026-03-27,2号機,≪送信済リスト≫22～23年_職種不問,≪送信済用≫口コミ4.9オーダーメイド,1114,2026-03-26,16:00:00
2026-03-26,2026-03-27,3号機,≪送信済リスト≫20～21年_職種不問,≪送信済用≫年収＆働きやすさを叶える,1698,2026-03-26,16:00:00
2026-03-26,2026-03-27,4号機,≪送信済リスト≫25～25年_職種不問,【未送信用】最短でベストマッチな紹介,945,2026-03-26,16:00:00
2026-03-26,2026-03-27,5号機,≪送信済リスト≫18～19年_職種不問,≪送信済用≫マイナビaward受賞_実績あるサポート,1490,2026-03-26,16:00:00
2026-03-26,2026-03-27,6号機,≪送信済リスト≫15～17年_職種不問,≪送信済用≫希望を叶える転職,1406,2026-03-26,16:00:00
2026-03-27,2026-03-30,1号機,【未送信リスト】既登録_ログイン7日以内_職種不問,【未送信用】最短でベストマッチな紹介,51,2026-03-27,08:00:00
2026-03-27,2026-03-30,2号機,≪送信済リスト≫登録日15日以内_年齢・職種不問,≪送信済用≫口コミ4.9オーダーメイド,882,2026-03-27,09:00:00
2026-03-27,2026-03-30,3号機,≪送信済リスト≫登録日2日前_年齢・職種不問,≪送信済用≫年収＆働きやすさを叶える,176,2026-03-27,09:00:00
2026-03-27,2026-03-30,4号機,≪送信済リスト≫登録日直近30日_年齢・職種不問,【未送信用】最短でベストマッチな紹介,793,2026-03-27,09:00:00
2026-03-27,2026-03-30,5号機,≪送信済リスト≫登録日直近30日_年齢・職種不問,≪送信済用≫マイナビaward受賞_実績あるサポート,569,2026-03-27,09:00:00
2026-03-27,2026-03-30,6号機,≪送信済リスト≫登録日3～7日前_年齢・職種不問,≪送信済用≫希望を叶える転職,291,2026-03-27,09:00:00
2026-03-27,2026-03-30,2号機,≪送信済リスト≫18～19年_職種不問,≪送信済用≫口コミ4.9オーダーメイド,1396,2026-03-27,15:00:00
2026-03-27,2026-03-30,3号機,≪送信済リスト≫22～23年_職種不問,≪送信済用≫年収＆働きやすさを叶える,1146,2026-03-27,15:00:00
2026-03-27,2026-03-30,4号機,≪送信済リスト≫24～24年_職種不問,【未送信用】最短でベストマッチな紹介,1163,2026-03-27,15:00:00
2026-03-27,2026-03-30,5号機,≪送信済リスト≫15～17年_職種不問,≪送信済用≫マイナビaward受賞_実績あるサポート,1342,2026-03-27,15:00:00
2026-03-27,2026-03-30,6号機,≪送信済リスト≫20～21年_職種不問,≪送信済用≫希望を叶える転職,1536,2026-03-27,15:00:00
2026-03-30,2026-03-31,1号機,【未送信リスト】開放日_ログイン7日以内_職種不問,【未送信用】最短でベストマッチな紹介,277,2026-03-30,08:00:00
2026-03-30,2026-03-31,2号機,≪送信済リスト≫登録日3～7日前_年齢・職種不問,≪送信済用≫口コミ4.9オーダーメイド,272,2026-03-30,09:00:00
2026-03-30,2026-03-31,3号機,≪送信済リスト≫登録日15日以内_年齢・職種不問,≪送信済用≫年収＆働きやすさを叶える,785,2026-03-30,09:00:00
2026-03-30,2026-03-31,4号機,≪送信済リスト≫登録日直近30日_年齢・職種不問,【未送信用】最短でベストマッチな紹介,619,2026-03-30,09:00:00
2026-03-30,2026-03-31,5号機,≪送信済リスト≫登録日2日前_年齢・職種不問,≪送信済用≫マイナビaward受賞_実績あるサポート,144,2026-03-30,09:00:00
2026-03-30,2026-03-31,1号機,【未送信リスト】既登録_ログイン7日以内_職種不問,【未送信用】最短でベストマッチな紹介,141,2026-03-30,15:00:00
2026-03-30,2026-03-31,2号機,≪送信済リスト≫20～21年_職種不問,≪送信済用≫口コミ4.9オーダーメイド,1416,2026-03-30,15:00:00
2026-03-30,2026-03-31,3号機,≪送信済リスト≫25～25年_職種不問,≪送信済用≫年収＆働きやすさを叶える,897,2026-03-30,15:00:00
2026-03-30,2026-03-31,4号機,≪送信済リスト≫22～23年_職種不問,【未送信用】最短でベストマッチな紹介,937,2026-03-30,15:00:00
2026-03-30,2026-03-31,5号機,≪送信済リスト≫24～24年_職種不問,≪送信済用≫マイナビaward受賞_実績あるサポート,1117,2026-03-30,15:00:00
2026-03-31,2026-04-01,1号機,【未送信リスト】既登録_ログイン7日以内_職種不問,【未送信用】まずはキャリア相談から,56,2026-03-31,08:00:00
2026-03-31,2026-04-01,2号機,≪送信済リスト≫登録日15日以内_年齢・職種不問,≪送信済用≫再オファー,1000,2026-03-31,08:00:00
2026-03-31,2026-04-01,3号機,≪送信済リスト≫登録日3～7日前_年齢・職種不問,≪送信済用≫マイナビaward受賞_実績あるサポート,367,2026-03-31,08:00:00
2026-03-31,2026-04-01,4号機,≪送信済リスト≫登録日2日前_年齢・職種不問,≪送信済用≫希望を叶える転職,135,2026-03-31,08:00:00
2026-03-31,2026-04-01,5号機,≪送信済リスト≫登録日直近30日_年齢・職種不問,【未送信用】最短でベストマッチな紹介,727,2026-03-31,08:00:00
2026-03-31,2026-04-01,2号機,≪送信済リスト≫22～23年_職種不問,≪送信済用≫再オファー,1065,2026-03-31,14:00:00
2026-03-31,2026-04-01,3号機,≪送信済リスト≫20～21年_職種不問,≪送信済用≫マイナビaward受賞_実績あるサポート,1607,2026-03-31,14:00:00
2026-03-31,2026-04-01,4号機,≪送信済リスト≫18～19年_職種不問,≪送信済用≫希望を叶える転職,1437,2026-03-31,14:00:00
2026-03-31,2026-04-01,5号機,≪送信済リスト≫25～25年_職種不問,【未送信用】最短でベストマッチな紹介,1011,2026-03-31,14:00:00
2026-04-01,2026-04-02,1号機,【未送信リスト】既登録_ログイン7日以内_職種不問,【未送信用】まずはキャリア相談から,57,2026-04-01,08:00:00
2026-04-01,2026-04-02,2号機,≪送信済リスト≫登録日15日以内_年齢・職種不問,≪送信済用≫再オファー,1004,2026-04-01,08:00:00
2026-04-01,2026-04-02,3号機,≪送信済リスト≫登録日3～7日前_年齢・職種不問,≪送信済用≫マイナビaward受賞_実績あるサポート,317,2026-04-01,08:00:00
2026-04-01,2026-04-02,4号機,≪送信済リスト≫登録日2日前_年齢・職種不問,≪送信済用≫希望を叶える転職,172,2026-04-01,08:00:00
2026-04-01,2026-04-02,5号機,≪送信済リスト≫登録日直近30日_年齢・職種不問,【未送信用】最短でベストマッチな紹介,683,2026-04-01,08:00:00
2026-04-01,2026-04-02,2号機,≪送信済リスト≫15～17年_職種不問,≪送信済用≫再オファー,1318,2026-04-01,15:00:00
2026-04-01,2026-04-02,3号機,≪送信済リスト≫24～24年_職種不問,≪送信済用≫マイナビaward受賞_実績あるサポート,1197,2026-04-01,15:00:00
2026-04-01,2026-04-02,4号機,≪送信済リスト≫22～23年_職種不問,≪送信済用≫希望を叶える転職,1182,2026-04-01,15:00:00
2026-04-01,2026-04-02,5号機,≪送信済リスト≫18～19年_職種不問,【未送信用】最短でベストマッチな紹介,1438,2026-04-01,15:00:00
2026-04-02,2026-04-03,1号機,【未送信リスト】既登録_ログイン7日以内_職種不問,【未送信用】まずはキャリア相談から,45,2026-04-02,08:00:00
2026-04-02,2026-04-03,2号機,≪送信済リスト≫登録日3～7日前_年齢・職種不問,≪送信済用≫再オファー,306,2026-04-02,08:00:00
2026-04-02,2026-04-03,3号機,≪送信済リスト≫登録日2日前_年齢・職種不問,≪送信済用≫マイナビaward受賞_実績あるサポート,152,2026-04-02,08:00:00
2026-04-02,2026-04-03,2号機,≪送信済リスト≫20～21年_職種不問,≪送信済用≫再オファー,1571,2026-04-02,13:00:00
2026-04-02,2026-04-03,3号機,≪送信済リスト≫15～17年_職種不問,≪送信済用≫マイナビaward受賞_実績あるサポート,1329,2026-04-02,13:00:00
2026-04-03,2026-04-06,1号機,【未送信リスト】既登録_ログイン7日以内_職種不問,【未送信用】まずはキャリア相談から,49,2026-04-03,08:00:00
2026-04-03,2026-04-06,2号機,≪送信済リスト≫登録日3～7日前_年齢・職種不問,≪送信済用≫再オファー,293,2026-04-03,08:00:00
2026-04-03,2026-04-06,3号機,≪送信済リスト≫登録日2日前_年齢・職種不問,≪送信済用≫マイナビaward受賞_実績あるサポート,220,2026-04-03,08:00:00
2026-04-03,2026-04-06,2号機,≪送信済リスト≫25～25年_職種不問,≪送信済用≫再オファー,919,2026-04-03,13:00:00
2026-04-03,2026-04-06,3号機,≪送信済リスト≫24～24年_職種不問,≪送信済用≫マイナビaward受賞_実績あるサポート,1156,2026-04-03,13:00:00
2026-04-03,2026-04-06,4号機,≪送信済リスト≫20～21年_職種不問,≪送信済用≫希望を叶える転職,1688,2026-04-03,19:00:00
2026-04-03,2026-04-06,5号機,≪送信済リスト≫15～17年_職種不問,【未送信用】最短でベストマッチな紹介,1369,2026-04-03,19:00:00
2026-04-03,2026-04-06,6号機,≪送信済リスト≫登録日2日前_年齢・職種不問,≪送信済用≫年収＆働きやすさを叶える,185,2026-04-03,19:00:00
2026-04-03,2026-04-06,2号機,≪送信済リスト≫22～23年_職種不問,≪送信済用≫再オファー,1095,2026-04-03,19:00:00
2026-04-03,2026-04-06,3号機,≪送信済リスト≫18～19年_職種不問,≪送信済用≫マイナビaward受賞_実績あるサポート,1449,2026-04-03,19:00:00
2026-04-06,2026-04-07,1号機,【未送信リスト】既登録_ログイン7日以内_職種不問,【未送信用】まずはキャリア相談から,63,2026-04-06,08:00:00
2026-04-06,2026-04-07,2号機,≪送信済リスト≫登録日15日以内_年齢・職種不問,≪送信済用≫再オファー,894,2026-04-06,08:00:00
2026-04-06,2026-04-07,3号機,≪送信済リスト≫登録日3～7日前_年齢・職種不問,≪送信済用≫マイナビaward受賞_実績あるサポート,341,2026-04-06,08:00:00
2026-04-06,2026-04-07,6号機,≪送信済リスト≫登録日2日前_年齢・職種不問,≪送信済用≫年収＆働きやすさを叶える,113,2026-04-06,08:00:00
2026-04-06,2026-04-07,2号機,≪送信済リスト≫20～21年_職種不問,≪送信済用≫再オファー,1434,2026-04-06,14:00:00
2026-04-06,2026-04-07,3号機,≪送信済リスト≫22～23年_職種不問,≪送信済用≫マイナビaward受賞_実績あるサポート,1064,2026-04-06,14:00:00
2026-04-06,2026-04-07,6号機,≪送信済リスト≫25～25年_職種不問,≪送信済用≫年収＆働きやすさを叶える,808,2026-04-06,11:00:00
2026-04-07,2026-04-08,1号機,【未送信リスト】既登録_ログイン7日以内_職種不問,【未送信用】最短でベストマッチな紹介,68,2026-04-07,08:00:00
2026-04-07,2026-04-08,2号機,≪送信済リスト≫登録日2日前_年齢・職種不問,≪送信済用≫年収＆働きやすさを叶える,133,2026-04-07,08:00:00
2026-04-07,2026-04-08,3号機,≪送信済リスト≫登録日3～7日前_年齢・職種不問,≪送信済用≫希望を叶える転職,397,2026-04-07,08:00:00
2026-04-07,2026-04-08,2号機,≪送信済リスト≫15～17年_職種不問,≪送信済用≫年収＆働きやすさを叶える,1293,2026-04-07,12:00:00
2026-04-07,2026-04-08,3号機,≪送信済リスト≫18～19年_職種不問,≪送信済用≫希望を叶える転職,1436,2026-04-07,15:00:00
2026-04-08,2026-04-09,1号機,【未送信リスト】既登録_ログイン7日以内_職種不問,【未送信用】最短でベストマッチな紹介,54,2026-04-08,08:00:00
2026-04-08,2026-04-09,2号機,≪送信済リスト≫登録日3～7日前_年齢・職種不問,≪送信済用≫年収＆働きやすさを叶える,380,2026-04-08,08:00:00
2026-04-08,2026-04-09,3号機,≪送信済リスト≫登録日2日前_年齢・職種不問,≪送信済用≫希望を叶える転職,177,2026-04-08,08:00:00
2026-04-08,2026-04-09,2号機,≪送信済リスト≫24～24年_職種不問,≪送信済用≫年収＆働きやすさを叶える,1229,2026-04-08,14:00:00
2026-04-08,2026-04-09,3号機,≪送信済リスト≫25～25年_職種不問,≪送信済用≫希望を叶える転職,964,2026-04-08,14:00:00
2026-04-09,2026-04-10,1号機,【未送信リスト】既登録_ログイン7日以内_職種不問,【未送信用】最短でベストマッチな紹介,56,2026-04-09,08:00:00
2026-04-09,2026-04-10,2号機,≪送信済リスト≫登録日3～7日前_年齢・職種不問,≪送信済用≫口コミ4.9オーダーメイド,349,2026-04-09,08:00:00
2026-04-09,2026-04-10,6号機,≪送信済リスト≫登録日2日前_年齢・職種不問,≪送信済用≫マイナビaward受賞_実績あるサポート,191,2026-04-09,08:00:00
2026-04-09,2026-04-10,2号機,≪送信済リスト≫20～21年_職種不問,≪送信済用≫口コミ4.9オーダーメイド,1632,2026-04-09,13:00:00
2026-04-09,2026-04-10,6号機,≪送信済リスト≫22～23年_職種不問,≪送信済用≫マイナビaward受賞_実績あるサポート,1014,2026-04-09,13:00:00
2026-04-10,2026-04-10,1号機,【未送信リスト】既登録_ログイン7日以内_職種不問,【未送信用】最短でベストマッチな紹介,45,2026-04-10,08:00:00
2026-04-10,2026-04-10,2号機,≪送信済リスト≫登録日3～7日前_年齢・職種不問,【未送信用】まずはキャリア相談から,369,2026-04-10,08:00:00
2026-04-10,2026-04-10,6号機,≪送信済リスト≫登録日2日前_年齢・職種不問,≪送信済用≫マイナビaward受賞_実績あるサポート,185,2026-04-10,08:00:00
2026-04-10,2026-04-10,2号機,≪送信済リスト≫18～19年_職種不問,【未送信用】まずはキャリア相談から,1342,2026-04-10,12:00:00
2026-04-10,2026-04-10,6号機,≪送信済リスト≫15～17年_職種不問,≪送信済用≫マイナビaward受賞_実績あるサポート,1270,2026-04-10,12:00:00
2026-04-11,2026-04-13,1号機,【未送信リスト】既登録_ログイン7日以内_職種不問,【未送信用】最短でベストマッチな紹介,4,2026-04-11,08:00:00
2026-04-11,2026-04-13,2号機,≪送信済リスト≫24～24年_職種不問,【未送信用】まずはキャリア相談から,1325,2026-04-11,08:00:00
2026-04-11,2026-04-13,3号機,≪送信済リスト≫登録日2日前_年齢・職種不問,≪送信済用≫希望を叶える転職,177,2026-04-11,08:00:00
2026-04-11,2026-04-13,5号機,≪送信済リスト≫25～25年_職種不問,【未送信用】最短でベストマッチな紹介,1049,2026-04-11,08:00:00
2026-04-11,2026-04-13,6号機,≪送信済リスト≫20～21年_職種不問,≪送信済用≫マイナビaward受賞_実績あるサポート,1700,2026-04-11,08:00:00
2026-04-13,2026-04-14,1号機,【未送信リスト】既登録_ログイン7日以内_職種不問,【未送信用】最短でベストマッチな紹介,48,2026-04-13,08:00:00
2026-04-13,2026-04-14,2号機,≪送信済リスト≫登録日2日前_年齢・職種不問,≪送信済用≫口コミ4.9オーダーメイド,385,2026-04-13,08:00:00
2026-04-13,2026-04-14,6号機,≪送信済リスト≫登録日15日以内_年齢・職種不問,≪送信済用≫再オファー,442,2026-04-13,08:00:00
2026-04-13,2026-04-14,2号機,≪送信済リスト≫15～17年_職種不問,≪送信済用≫口コミ4.9オーダーメイド,1261,2026-04-13,17:00:00
2026-04-13,2026-04-14,6号機,≪送信済リスト≫18～19年_職種不問,≪送信済用≫再オファー,1232,2026-04-13,14:00:00
2026-04-14,2026-04-15,1号機,【未送信リスト】既登録_ログイン7日以内_職種不問,【未送信用】最短でベストマッチな紹介,43,2026-04-14,08:00:00
2026-04-14,2026-04-15,2号機,≪送信済リスト≫登録日2日前_年齢・職種不問,≪送信済用≫口コミ4.9オーダーメイド,137,2026-04-14,08:00:00
2026-04-14,2026-04-15,6号機,≪送信済リスト≫登録日3～7日前_年齢・職種不問,≪送信済用≫再オファー,386,2026-04-14,08:00:00
2026-04-14,2026-04-15,2号機,≪送信済リスト≫22～23年_職種不問,≪送信済用≫口コミ4.9オーダーメイド,1101,2026-04-14,14:00:00
2026-04-14,2026-04-15,6号機,≪送信済リスト≫24～24年_職種不問,≪送信済用≫再オファー,1236,2026-04-14,14:00:00
2026-04-15,2026-04-16,1号機,【未送信リスト】既登録_ログイン7日以内_職種不問,【未送信用】最短でベストマッチな紹介,57,2026-04-15,08:00:00
2026-04-15,2026-04-16,2号機,≪送信済リスト≫登録日2日前_年齢・職種不問,≪送信済用≫年収＆働きやすさを叶える,226,2026-04-15,08:00:00
2026-04-15,2026-04-16,6号機,≪送信済リスト≫登録日3～7日前_年齢・職種不問,【未送信用】まずはキャリア相談から,348,2026-04-15,08:00:00
2026-04-15,2026-04-16,2号機,≪送信済リスト≫25～25年_職種不問,≪送信済用≫年収＆働きやすさを叶える,1011,2026-04-15,14:00:00
2026-04-15,2026-04-16,6号機,≪送信済リスト≫22～23年_職種不問,【未送信用】まずはキャリア相談から,1204,2026-04-15,14:00:00
2026-04-16,2026-04-17,1号機,【未送信リスト】既登録_ログイン7日以内_職種不問,【未送信用】最短でベストマッチな紹介,37,2026-04-16,08:00:00
2026-04-16,2026-04-17,2号機,≪送信済リスト≫登録日2日前_年齢・職種不問,≪送信済用≫マイナビaward受賞_実績あるサポート,200,2026-04-16,08:00:00
2026-04-16,2026-04-17,3号機,≪送信済リスト≫登録日3～7日前_年齢・職種不問,≪送信済用≫希望を叶える転職,354,2026-04-16,08:00:00
2026-04-16,2026-04-17,2号機,≪送信済リスト≫20～21年_職種不問,≪送信済用≫マイナビaward受賞_実績あるサポート,1593,2026-04-16,14:00:00
2026-04-16,2026-04-17,4号機,≪送信済リスト≫登録日3～7日前_年齢・職種不問,≪送信済用≫希望を叶える転職,360,2026-04-16,10:00:00
2026-04-16,2026-04-17,4号機,≪送信済リスト≫24～24年_職種不問,≪送信済用≫希望を叶える転職,1239,2026-04-16,14:00:00
2026-04-17,2026-04-17,1号機,【未送信リスト】既登録_ログイン7日以内_職種不問,【未送信用】最短でベストマッチな紹介,47,2026-04-17,08:00:00
2026-04-17,2026-04-17,2号機,≪送信済リスト≫登録日2日前_年齢・職種不問,≪送信済用≫マイナビaward受賞_実績あるサポート,183,2026-04-17,08:00:00
2026-04-17,2026-04-17,4号機,≪送信済リスト≫登録日3～7日前_年齢・職種不問,≪送信済用≫希望を叶える転職,356,2026-04-17,08:00:00
2026-04-17,2026-04-17,2号機,≪送信済リスト≫22～23年_職種不問,≪送信済用≫マイナビaward受賞_実績あるサポート,956,2026-04-17,14:00:00
2026-04-17,2026-04-17,4号機,≪送信済リスト≫25～25年_職種不問,≪送信済用≫希望を叶える転職,935,2026-04-17,14:00:00
2026-04-18,2026-04-20,1号機,【未送信リスト】既登録_ログイン7日以内_職種不問,【未送信用】最短でベストマッチな紹介,1,2026-04-18,08:00:00
2026-04-18,2026-04-20,2号機,≪送信済リスト≫24～24年_職種不問,≪送信済用≫口コミ4.9あなたに合った仕事,1286,2026-04-18,08:00:00
2026-04-18,2026-04-20,3号機,≪送信済リスト≫22～23年_職種不問,≪送信済用≫再オファー,1230,2026-04-18,08:00:00
2026-04-18,2026-04-20,4号機,≪送信済リスト≫20～21年_職種不問,≪送信済用≫マイナビaward受賞_実績あるサポート,1697,2026-04-18,08:00:00
2026-04-18,2026-04-20,5号機,≪送信済リスト≫登録日2日前_年齢・職種不問,【未送信用】まずはキャリア相談から,165,2026-04-18,08:00:00
2026-04-20,2026-04-21,1号機,【未送信リスト】開放日_ログイン7日以内_職種不問,【未送信用】最短でベストマッチな紹介,89,2026-04-20,08:00:00
2026-04-20,2026-04-21,2号機,≪送信済リスト≫登録日2日前_年齢・職種不問,≪送信済用≫口コミ4.9あなたに合った仕事,160,2026-04-20,08:00:00
2026-04-20,2026-04-21,3号機,≪送信済リスト≫登録日3～7日前_年齢・職種不問,≪送信済用≫希望を叶える転職,918,2026-04-20,08:00:00
2026-04-20,2026-04-21,1号機,【未送信リスト】既登録_年齢不問_職種不問,【未送信用】最短でベストマッチな紹介,61,2026-04-20,11:00:00
2026-04-20,2026-04-21,2号機,≪送信済リスト≫20～21年_職種不問,≪送信済用≫口コミ4.9あなたに合った仕事,1398,2026-04-20,14:00:00
2026-04-20,2026-04-21,3号機,≪送信済リスト≫25～25年_職種不問,≪送信済用≫希望を叶える転職,848,2026-04-20,14:00:00
2026-04-21,2026-04-22,1号機,【未送信リスト】開放日_ログイン7日以内_職種不問,【未送信用】まずはキャリア相談から,127,2026-04-21,08:00:00
2026-04-21,2026-04-22,2号機,≪送信済リスト≫登録日2日前_年齢・職種不問,≪送信済用≫マイナビaward受賞_実績あるサポート,129,2026-04-21,08:00:00
2026-04-21,2026-04-22,3号機,≪送信済リスト≫登録日3～7日前_年齢・職種不問,≪送信済用≫口コミ4.9オーダーメイド,413,2026-04-21,08:00:00
2026-04-21,2026-04-22,1号機,【未送信リスト】既登録_ログイン7日以内_職種不問,【未送信用】まずはキャリア相談から,53,2026-04-21,11:00:00
2026-04-21,2026-04-22,2号機,≪送信済リスト≫15～17年_職種不問,≪送信済用≫マイナビaward受賞_実績あるサポート,1290,2026-04-21,12:00:00
2026-04-21,2026-04-22,3号機,≪送信済リスト≫18～19年_職種不問,≪送信済用≫口コミ4.9オーダーメイド,1420,2026-04-21,14:00:00
2026-04-22,2026-04-23,1号機,【未送信リスト】開放日_ログイン7日以内_職種不問,【未送信用】まずはキャリア相談から,92,2026-04-22,08:00:00
2026-04-22,2026-04-23,2号機,≪送信済リスト≫登録日2日前_年齢・職種不問,≪送信済用≫マイナビaward受賞_実績あるサポート,176,2026-04-22,08:00:00
2026-04-22,2026-04-23,3号機,≪送信済リスト≫登録日3～7日前_年齢・職種不問,≪送信済用≫口コミ4.9オーダーメイド,345,2026-04-22,08:00:00
2026-04-22,2026-04-23,1号機,【未送信リスト】既登録_ログイン7日以内_職種不問,【未送信用】まずはキャリア相談から,56,2026-04-22,11:00:00
2026-04-22,2026-04-23,2号機,≪送信済リスト≫22～23年_職種不問,≪送信済用≫マイナビaward受賞_実績あるサポート,1176,2026-04-22,14:00:00
2026-04-22,2026-04-23,3号機,≪送信済リスト≫20～21年_職種不問,≪送信済用≫口コミ4.9オーダーメイド,1555,2026-04-22,14:00:00
2026-04-23,2026-04-24,1号機,【未送信リスト】開放日_ログイン7日以内_職種不問,【未送信用】まずはキャリア相談から,103,2026-04-23,08:00:00
2026-04-23,2026-04-24,2号機,≪送信済リスト≫登録日2日前_年齢・職種不問,≪送信済用≫マイナビaward受賞_実績あるサポート,146,2026-04-23,08:00:00
2026-04-23,2026-04-24,3号機,≪送信済リスト≫登録日3～7日前_年齢・職種不問,≪送信済用≫口コミ4.9オーダーメイド,341,2026-04-23,08:00:00
2026-04-23,2026-04-24,1号機,【未送信リスト】既登録_ログイン7日以内_職種不問,【未送信用】まずはキャリア相談から,42,2026-04-23,11:00:00
2026-04-23,2026-04-24,2号機,≪送信済リスト≫25～25年_職種不問,≪送信済用≫マイナビaward受賞_実績あるサポート,928,2026-04-23,14:00:00
2026-04-23,2026-04-24,3号機,≪送信済リスト≫24～24年_職種不問,≪送信済用≫口コミ4.9オーダーメイド,1146,2026-04-23,14:00:00
2026-04-24,2026-04-25,1号機,【未送信リスト】開放日_ログイン7日以内_職種不問,【未送信用】まずはキャリア相談から,83,2026-04-24,08:00:00
2026-04-24,2026-04-25,2号機,≪送信済リスト≫登録日3～7日前_年齢・職種不問,【未送信用】最短でベストマッチな紹介,336,2026-04-24,08:00:00
2026-04-24,2026-04-25,3号機,≪送信済リスト≫登録日2日前_年齢・職種不問,≪送信済用≫年収＆働きやすさを叶える,137,2026-04-24,08:00:00
2026-04-24,2026-04-25,1号機,【未送信リスト】既登録_ログイン7日以内_職種不問,【未送信用】まずはキャリア相談から,51,2026-04-24,11:00:00
2026-04-24,2026-04-25,2号機,≪送信済リスト≫18～19年_職種不問,【未送信用】最短でベストマッチな紹介,1319,2026-04-24,14:00:00
2026-04-24,2026-04-25,3号機,≪送信済リスト≫15～17年_職種不問,≪送信済用≫年収＆働きやすさを叶える,1280,2026-04-24,14:00:00
2026-04-25,2026-04-27,1号機,【未送信リスト】既登録_ログイン7日以内_職種不問,【未送信用】まずはキャリア相談から,122,2026-04-25,08:00:00
2026-04-25,2026-04-27,2号機,≪送信済リスト≫20～21年_職種不問,≪送信済用≫年収＆働きやすさを叶える,1254,2026-04-25,08:00:00
2026-04-25,2026-04-27,3号機,≪送信済リスト≫22～23年_職種不問,≪送信済用≫マイナビaward受賞_実績あるサポート,841,2026-04-25,08:00:00
2026-04-25,2026-04-27,5号機,≪送信済リスト≫登録日2日前_年齢・職種不問,≪送信済用≫口コミ4.9オーダーメイド,165,2026-04-25,08:00:00
2026-04-27,2026-04-28,1号機,【未送信リスト】開放日_ログイン7日以内_職種不問,【未送信用】口コミ4.9オーダーメイド,83,2026-04-27,08:00:00
2026-04-27,2026-04-28,2号機,≪送信済リスト≫登録日2日前_年齢・職種不問,【未送信用】最短でベストマッチな紹介,83,2026-04-27,08:00:00
2026-04-27,2026-04-28,3号機,≪送信済リスト≫登録日3～7日前_年齢・職種不問,≪送信済用≫年収＆働きやすさを叶える,349,2026-04-27,08:00:00
2026-04-27,2026-04-28,1号機,【未送信リスト】既登録_ログイン7日以内_職種不問,【未送信用】口コミ4.9オーダーメイド,65,2026-04-27,14:00:00
2026-04-27,2026-04-28,2号機,≪送信済リスト≫15～17年_職種不問,【未送信用】最短でベストマッチな紹介,1108,2026-04-27,14:00:00
2026-04-27,2026-04-28,3号機,≪送信済リスト≫18～19年_職種不問,≪送信済用≫年収＆働きやすさを叶える,1122,2026-04-27,14:00:00
2026-04-28,2026-04-29,1号機,【未送信リスト】開放日_ログイン7日以内_職種不問,【未送信用】口コミ4.9オーダーメイド,111,2026-04-28,08:00:00
2026-04-28,2026-04-29,2号機,≪送信済リスト≫登録日2日前_年齢・職種不問,【未送信用】最短でベストマッチな紹介,105,2026-04-28,08:00:00
2026-04-28,2026-04-29,3号機,≪送信済リスト≫登録日3～7日前_年齢・職種不問,≪送信済用≫年収＆働きやすさを叶える,256,2026-04-28,08:00:00
2026-04-28,2026-04-29,1号機,【未送信リスト】既登録_ログイン7日以内_職種不問,【未送信用】口コミ4.9オーダーメイド,43,2026-04-28,12:00:00
2026-04-28,2026-04-29,2号機,≪送信済リスト≫24～24年_職種不問,【未送信用】最短でベストマッチな紹介,989,2026-04-28,12:00:00
2026-04-28,2026-04-29,3号機,≪送信済リスト≫25～25年_職種不問,≪送信済用≫年収＆働きやすさを叶える,841,2026-04-28,14:00:00
2026-04-29,2026-04-30,1号機,【未送信リスト】既登録_ログイン7日以内_職種不問,【未送信用】口コミ4.9オーダーメイド,136,2026-04-29,08:00:00
2026-04-29,2026-04-30,2号機,≪送信済リスト≫22～23年_職種不問,【未送信用】最短でベストマッチな紹介,783,2026-04-29,08:00:00
2026-04-29,2026-04-30,3号機,≪送信済リスト≫20～21年_職種不問,≪送信済用≫年収＆働きやすさを叶える,1212,2026-04-29,08:00:00
2026-04-30,2026-05-01,1号機,【未送信リスト】開放日_ログイン7日以内_職種不問,【未送信用】口コミ4.9オーダーメイド,90,2026-04-30,08:00:00
2026-04-30,2026-05-01,2号機,≪送信済リスト≫登録日2日前_年齢・職種不問,【未送信用】最短でベストマッチな紹介,286,2026-04-30,08:00:00
2026-04-30,2026-05-01,3号機,≪送信済リスト≫登録日3～7日前_年齢・職種不問,≪送信済用≫年収＆働きやすさを叶える,194,2026-04-30,08:00:00
2026-04-30,2026-05-01,1号機,【未送信リスト】既登録_ログイン7日以内_職種不問,【未送信用】口コミ4.9オーダーメイド,46,2026-04-30,11:00:00
2026-04-30,2026-05-01,2号機,≪送信済リスト≫18～19年_職種不問,【未送信用】最短でベストマッチな紹介,1130,2026-04-30,14:00:00
2026-04-30,2026-05-01,3号機,≪送信済リスト≫22～23年_職種不問,≪送信済用≫年収＆働きやすさを叶える,887,2026-04-30,12:00:00
2026-05-01,2026-05-04,1号機,【未送信リスト】開放日_ログイン7日以内_職種不問,【未送信用】口コミ4.9オーダーメイド,93,2026-05-01,08:00:00
2026-05-01,2026-05-04,2号機,≪送信済リスト≫登録日2日前_年齢・職種不問,【未送信用】まずはキャリア相談から,126,2026-05-01,08:00:00
2026-05-01,2026-05-04,3号機,≪送信済リスト≫登録日3～7日前_年齢・職種不問,≪送信済用≫マイナビaward受賞_実績あるサポート,246,2026-05-01,08:00:00
2026-05-01,2026-05-04,1号機,【未送信リスト】既登録_ログイン7日以内_職種不問,【未送信用】口コミ4.9オーダーメイド,36,2026-05-01,12:00:00
2026-05-01,2026-05-04,2号機,≪送信済リスト≫25～25年_職種不問,【未送信用】まずはキャリア相談から,742,2026-05-01,12:00:00
2026-05-01,2026-05-04,3号機,≪送信済リスト≫24～24年_職種不問,≪送信済用≫マイナビaward受賞_実績あるサポート,996,2026-05-01,14:00:00
2026-05-04,2026-05-05,1号機,【未送信リスト】開放日_ログイン7日以内_職種不問,【未送信用】口コミ4.9オーダーメイド,69,2026-05-04,08:00:00
2026-05-04,2026-05-05,2号機,≪送信済リスト≫登録日2日前_年齢・職種不問,【未送信用】まずはキャリア相談から,362,2026-05-04,08:00:00
2026-05-04,2026-05-05,3号機,≪送信済リスト≫登録日3～7日前_年齢・職種不問,≪送信済用≫マイナビaward受賞_実績あるサポート,183,2026-05-04,08:00:00
2026-05-04,2026-05-05,1号機,【未送信リスト】既登録_ログイン7日以内_職種不問,【未送信用】口コミ4.9オーダーメイド,17,2026-05-04,10:00:00
2026-05-04,2026-05-05,2号機,≪送信済リスト≫22～23年_職種不問,【未送信用】まずはキャリア相談から,1246,2026-05-04,14:00:00
2026-05-04,2026-05-05,3号機,≪送信済リスト≫15～17年_職種不問,≪送信済用≫マイナビaward受賞_実績あるサポート,765,2026-05-04,12:00:00
2026-05-05,2026-05-06,1号機,【未送信リスト】開放日_ログイン7日以内_職種不問,【未送信用】口コミ4.9オーダーメイド,68,2026-05-05,08:00:00
2026-05-05,2026-05-06,2号機,≪送信済リスト≫登録日2日前_年齢・職種不問,【未送信用】まずはキャリア相談から,92,2026-05-05,08:00:00
2026-05-05,2026-05-06,3号機,≪送信済リスト≫登録日3～7日前_年齢・職種不問,≪送信済用≫マイナビaward受賞_実績あるサポート,188,2026-05-05,08:00:00
2026-05-05,2026-05-06,1号機,【未送信リスト】既登録_ログイン7日以内_職種不問,【未送信用】口コミ4.9オーダーメイド,19,2026-05-05,10:00:00
2026-05-05,2026-05-06,2号機,≪送信済リスト≫15～17年_職種不問,【未送信用】まずはキャリア相談から,756,2026-05-05,11:00:00
2026-05-05,2026-05-06,3号機,≪送信済リスト≫18～19年_職種不問,≪送信済用≫マイナビaward受賞_実績あるサポート,732,2026-05-05,12:00:00
2026-05-06,2026-05-07,1号機,【未送信リスト】開放日_ログイン7日以内_職種不問,【未送信用】口コミ4.9オーダーメイド,67,2026-05-06,08:00:00
2026-05-06,2026-05-07,2号機,≪送信済リスト≫登録日2日前_年齢・職種不問,【未送信用】まずはキャリア相談から,91,2026-05-06,08:00:00
2026-05-06,2026-05-07,3号機,≪送信済リスト≫登録日3～7日前_年齢・職種不問,≪送信済用≫マイナビaward受賞_実績あるサポート,197,2026-05-06,08:00:00
2026-05-06,2026-05-07,1号機,【未送信リスト】既登録_ログイン7日以内_職種不問,【未送信用】口コミ4.9オーダーメイド,33,2026-05-06,12:00:00
2026-05-06,2026-05-07,2号機,≪送信済リスト≫20～21年_職種不問,【未送信用】まずはキャリア相談から,850,2026-05-06,12:00:00
2026-05-06,2026-05-07,3号機,≪送信済リスト≫25～25年_職種不問,≪送信済用≫マイナビaward受賞_実績あるサポート,574,2026-05-06,13:00:00
2026-05-06,2026-05-07,5号機,≪送信済リスト≫24～24年_職種不問,≪送信済用≫口コミ4.9オーダーメイド,681,2026-05-06,13:00:00
2026-05-07,2026-05-08,1号機,【未送信リスト】開放日_ログイン7日以内_職種不問,【未送信用】口コミ4.9オーダーメイド,107,2026-05-07,08:00:00
2026-05-07,2026-05-08,2号機,≪送信済リスト≫登録日2日前_年齢・職種不問,【未送信用】まずはキャリア相談から,88,2026-05-07,08:00:00
2026-05-07,2026-05-08,3号機,≪送信済リスト≫登録日3～7日前_年齢・職種不問,≪送信済用≫マイナビaward受賞_実績あるサポート,200,2026-05-07,08:00:00
2026-05-07,2026-05-08,5号機,≪送信済リスト≫24～24年_職種不問,≪送信済用≫口コミ4.9オーダーメイド,879,2026-05-07,08:00:00
2026-05-07,2026-05-08,1号機,【未送信リスト】既登録_ログイン7日以内_職種不問,【未送信用】口コミ4.9オーダーメイド,37,2026-05-07,11:00:00
2026-05-07,2026-05-08,2号機,≪送信済リスト≫18～19年_職種不問,【未送信用】まずはキャリア相談から,994,2026-05-07,12:00:00
2026-05-07,2026-05-08,3号機,≪送信済リスト≫20～21年_職種不問,≪送信済用≫マイナビaward受賞_実績あるサポート,1198,2026-05-07,12:00:00
2026-05-07,2026-05-08,5号機,≪送信済リスト≫15～17年_職種不問,≪送信済用≫口コミ4.9オーダーメイド,1039,2026-05-07,12:00:00
2026-05-08,2026-05-11,1号機,【未送信リスト】開放日_ログイン7日以内_職種不問,【未送信用】まずはキャリア相談から,146,2026-05-08,08:00:00
2026-05-08,2026-05-11,2号機,≪送信済リスト≫登録日2日前_年齢・職種不問,≪送信済用≫マイナビaward受賞_実績あるサポート,170,2026-05-08,08:00:00
2026-05-08,2026-05-11,3号機,≪送信済リスト≫登録日3～7日前_年齢・職種不問,≪送信済用≫再オファー,226,2026-05-08,08:00:00
2026-05-08,2026-05-11,5号機,≪送信済リスト≫登録日直近30日_年齢・職種不問,【未送信用】最短でベストマッチな紹介,1189,2026-05-08,08:00:00
2026-05-08,2026-05-11,1号機,【未送信リスト】既登録_ログイン7日以内_職種不問,【未送信用】まずはキャリア相談から,62,2026-05-08,12:00:00
2026-05-08,2026-05-11,2号機,≪送信済リスト≫24～24年_職種不問,≪送信済用≫マイナビaward受賞_実績あるサポート,1142,2026-05-08,14:00:00
2026-05-08,2026-05-11,3号機,≪送信済リスト≫22～23年_職種不問,≪送信済用≫再オファー,1143,2026-05-08,14:00:00
2026-05-08,2026-05-11,4号機,≪送信済リスト≫25～25年_職種不問,≪送信済用≫口コミ4.9オーダーメイド,963,2026-05-08,18:00:00
2026-05-08,2026-05-11,5号機,≪送信済リスト≫登録日2日前_年齢・職種不問,【未送信用】最短でベストマッチな紹介,209,2026-05-08,18:00:00
2026-05-08,2026-05-11,2号機,≪送信済リスト≫22～23年_職種不問,≪送信済用≫マイナビaward受賞_実績あるサポート,1101,2026-05-08,18:00:00
2026-05-08,2026-05-11,3号機,≪送信済リスト≫20～21年_職種不問,≪送信済用≫再オファー,1623,2026-05-08,18:00:00
2026-05-11,2026-05-12,1号機,【未送信リスト】開放日_ログイン7日以内_職種不問,【未送信用】まずはキャリア相談から,82,2026-05-11,08:00:00
2026-05-11,2026-05-12,2号機,≪送信済リスト≫登録日2日前_年齢・職種不問,≪送信済用≫マイナビaward受賞_実績あるサポート,124,2026-05-11,08:00:00
2026-05-11,2026-05-12,3号機,≪送信済リスト≫登録日3～7日前_年齢・職種不問,≪送信済用≫再オファー,301,2026-05-11,08:00:00
2026-05-11,2026-05-12,4号機,≪送信済リスト≫24～24年_職種不問,≪送信済用≫口コミ4.9オーダーメイド,802,2026-05-11,08:00:00
2026-05-11,2026-05-12,5号機,≪送信済リスト≫登録日15日以内_年齢・職種不問,【未送信用】最短でベストマッチな紹介,945,2026-05-11,08:00:00
2026-05-11,2026-05-12,1号機,【未送信リスト】既登録_ログイン7日以内_職種不問,【未送信用】まずはキャリア相談から,49,2026-05-11,12:00:00
2026-05-11,2026-05-12,2号機,≪送信済リスト≫15～17年_職種不問,≪送信済用≫マイナビaward受賞_実績あるサポート,1099,2026-05-11,13:00:00
2026-05-11,2026-05-12,3号機,≪送信済リスト≫18～19年_職種不問,≪送信済用≫再オファー,1114,2026-05-11,13:00:00
2026-05-11,2026-05-12,5号機,≪送信済リスト≫20～21年_職種不問,【未送信用】最短でベストマッチな紹介,1250,2026-05-11,13:00:00
2026-05-12,2026-05-13,1号機,【未送信リスト】開放日_ログイン7日以内_職種不問,【未送信用】まずはキャリア相談から,151,2026-05-12,08:00:00
2026-05-12,2026-05-13,2号機,≪送信済リスト≫登録日2日前_年齢・職種不問,≪送信済用≫口コミ4.9オーダーメイド,128,2026-05-12,08:00:00
2026-05-12,2026-05-13,3号機,≪送信済リスト≫登録日3～7日前_年齢・職種不問,≪送信済用≫年収＆働きやすさを叶える,360,2026-05-12,08:00:00
2026-05-12,2026-05-13,4号機,≪送信済リスト≫登録日直近30日_年齢・職種不問,【未送信用】最短でベストマッチな紹介,1251,2026-05-12,08:00:00
2026-05-12,2026-05-13,1号機,【未送信リスト】既登録_ログイン7日以内_職種不問,【未送信用】まずはキャリア相談から,79,2026-05-12,14:00:00
2026-05-12,2026-05-13,2号機,≪送信済リスト≫25～25年_職種不問,≪送信済用≫口コミ4.9オーダーメイド,937,2026-05-12,14:00:00
2026-05-12,2026-05-13,3号機,≪送信済リスト≫22～23年_職種不問,≪送信済用≫年収＆働きやすさを叶える,1203,2026-05-12,14:00:00
2026-05-12,2026-05-13,4号機,≪送信済リスト≫20～21年_職種不問,【未送信用】最短でベストマッチな紹介,1484,2026-05-12,14:00:00
2026-05-13,2026-05-14,1号機,【未送信リスト】開放日_ログイン7日以内_職種不問,【未送信用】まずはキャリア相談から,149,2026-05-13,08:00:00
2026-05-13,2026-05-14,2号機,≪送信済リスト≫登録日2日前_年齢・職種不問,≪送信済用≫口コミ4.9オーダーメイド,204,2026-05-13,08:00:00
2026-05-13,2026-05-14,3号機,≪送信済リスト≫登録日3～7日前_年齢・職種不問,≪送信済用≫年収＆働きやすさを叶える,369,2026-05-13,08:00:00
2026-05-13,2026-05-14,1号機,【未送信リスト】既登録_ログイン7日以内_職種不問,【未送信用】まずはキャリア相談から,71,2026-05-13,14:00:00
2026-05-13,2026-05-14,2号機,≪送信済リスト≫18～19年_職種不問,≪送信済用≫口コミ4.9オーダーメイド,1269,2026-05-13,14:00:00
2026-05-13,2026-05-14,3号機,≪送信済リスト≫15～17年_職種不問,≪送信済用≫年収＆働きやすさを叶える,1331,2026-05-13,14:00:00
2026-05-14,2026-05-15,1号機,【未送信リスト】開放日_ログイン7日以内_職種不問,【未送信用】まずはキャリア相談から,144,2026-05-14,08:00:00
2026-05-14,2026-05-15,2号機,≪送信済リスト≫登録日2日前_年齢・職種不問,≪送信済用≫口コミ4.9オーダーメイド,200,2026-05-14,10:00:00
2026-05-14,2026-05-15,3号機,≪送信済リスト≫登録日3～7日前_年齢・職種不問,≪送信済用≫年収＆働きやすさを叶える,369,2026-05-14,10:00:00
2026-05-14,2026-05-15,1号機,【未送信リスト】既登録_ログイン7日以内_職種不問,【未送信用】まずはキャリア相談から,83,2026-05-14,17:00:00
2026-05-14,2026-05-15,2号機,≪送信済リスト≫24～24年_職種不問,≪送信済用≫口コミ4.9オーダーメイド,1204,2026-05-14,18:00:00
2026-05-14,2026-05-15,3号機,≪送信済リスト≫25～25年_職種不問,≪送信済用≫年収＆働きやすさを叶える,1009,2026-05-14,17:00:00
2026-05-15,2026-05-18,1号機,【未送信リスト】開放日_ログイン7日以内_職種不問,【未送信用】まずはキャリア相談から,107,2026-05-15,10:00:00
2026-05-15,2026-05-18,2号機,≪送信済リスト≫登録日2日前_年齢・職種不問,≪送信済用≫口コミ4.9オーダーメイド,209,2026-05-15,10:00:00
2026-05-15,2026-05-18,3号機,≪送信済リスト≫登録日3～7日前_年齢・職種不問,≪送信済用≫年収＆働きやすさを叶える,391,2026-05-15,10:00:00
2026-05-15,2026-05-18,1号機,【未送信リスト】既登録_ログイン7日以内_職種不問,【未送信用】まずはキャリア相談から,38,2026-05-15,17:00:00
2026-05-15,2026-05-18,2号機,≪送信済リスト≫22～23年_職種不問,≪送信済用≫口コミ4.9オーダーメイド,1019,2026-05-15,17:00:00
2026-05-15,2026-05-18,3号機,≪送信済リスト≫20～21年_職種不問,≪送信済用≫年収＆働きやすさを叶える,1559,2026-05-15,17:00:00
2026-05-15,2026-05-18,4号機,≪送信済リスト≫18～19年_職種不問,≪送信済用≫再オファー,1333,2026-05-15,18:00:00
2026-05-15,2026-05-18,5号機,≪送信済リスト≫登録日2日前_年齢・職種不問,≪送信済用≫マイナビaward受賞_実績あるサポート,179,2026-05-15,18:00:00
2026-05-18,2026-05-19,1号機,【未送信リスト】開放日_ログイン7日以内_職種不問,【未送信用】まずはキャリア相談から,78,2026-05-18,10:00:00
2026-05-18,2026-05-19,2号機,≪送信済リスト≫登録日15日以内_年齢・職種不問,≪送信済用≫口コミ4.9オーダーメイド,370,2026-05-18,10:00:00
2026-05-18,2026-05-19,3号機,≪送信済リスト≫登録日3～7日前_年齢・職種不問,≪送信済用≫年収＆働きやすさを叶える,394,2026-05-18,10:00:00
2026-05-18,2026-05-19,4号機,≪送信済リスト≫登録日直近30日_年齢・職種不問,≪送信済用≫再オファー,758,2026-05-18,10:00:00
2026-05-18,2026-05-19,5号機,≪送信済リスト≫登録日2日前_年齢・職種不問,≪送信済用≫マイナビaward受賞_実績あるサポート,126,2026-05-18,10:00:00
2026-05-18,2026-05-19,1号機,【未送信リスト】既登録_ログイン7日以内_職種不問,【未送信用】まずはキャリア相談から,32,2026-05-18,14:30:00
2026-05-18,2026-05-19,2号機,≪送信済リスト≫23～23年_職種不問,≪送信済用≫口コミ4.9オーダーメイド,1995,2026-05-18,16:00:00
2026-05-18,2026-05-19,3号機,≪送信済リスト≫24～24年_職種不問,≪送信済用≫年収＆働きやすさを叶える,1086,2026-05-18,16:00:00
2026-05-18,2026-05-19,4号機,≪送信済リスト≫18～19年_職種不問,≪送信済用≫再オファー,1226,2026-05-18,16:00:00
2026-05-18,2026-05-19,5号機,≪送信済リスト≫15～17年_職種不問,≪送信済用≫マイナビaward受賞_実績あるサポート,1238,2026-05-18,16:00:00
2026-05-19,2026-05-20,1号機,【未送信リスト】開放日_ログイン7日以内_職種不問,【未送信用】まずはキャリア相談から,129,2026-05-19,08:30:00
2026-05-19,2026-05-20,2号機,≪送信済リスト≫登録日3～7日前_年齢・職種不問,【未送信用】最短でベストマッチな紹介,551,2026-05-19,08:30:00
2026-05-19,2026-05-20,3号機,≪送信済リスト≫登録日15日以内_年齢・職種不問,≪送信済用≫希望を叶える転職,843,2026-05-19,08:30:00
2026-05-19,2026-05-20,4号機,≪送信済リスト≫登録日2日前_年齢・職種不問,≪送信済用≫マイナビaward受賞_実績あるサポート,128,2026-05-19,08:30:00
2026-05-19,2026-05-20,1号機,【未送信リスト】既登録_ログイン7日以内_職種不問,【未送信用】まずはキャリア相談から,66,2026-05-19,15:00:00
2026-05-19,2026-05-20,2号機,≪送信済リスト≫25～25年_職種不問,【未送信用】最短でベストマッチな紹介,1010,2026-05-19,15:00:00
2026-05-19,2026-05-20,3号機,≪送信済リスト≫22～22年_職種不問,≪送信済用≫希望を叶える転職,1054,2026-05-19,15:00:00
2026-05-19,2026-05-20,4号機,≪送信済リスト≫20～21年_職種不問,≪送信済用≫マイナビaward受賞_実績あるサポート,1607,2026-05-19,15:00:00
2026-05-20,2026-05-21,1号機,【未送信リスト】開放日_ログイン7日以内_職種不問,【未送信用】まずはキャリア相談から,125,2026-05-20,09:00:00
2026-05-20,2026-05-21,2号機,≪送信済リスト≫登録日2日前_年齢・職種不問,【未送信用】最短でベストマッチな紹介,191,2026-05-20,09:00:00
2026-05-20,2026-05-21,3号機,≪送信済リスト≫登録日3～7日前_年齢・職種不問,≪送信済用≫希望を叶える転職,364,2026-05-20,09:00:00
2026-05-20,2026-05-21,4号機,≪送信済リスト≫登録日直近30日_年齢・職種不問,≪送信済用≫マイナビaward受賞_実績あるサポート,1146,2026-05-20,09:15:00
2026-05-20,2026-05-21,1号機,【未送信リスト】既登録_ログイン7日以内_職種不問,【未送信用】まずはキャリア相談から,39,2026-05-20,15:00:00
2026-05-20,2026-05-21,2号機,≪送信済リスト≫18～19年_職種不問,【未送信用】最短でベストマッチな紹介,1356,2026-05-20,15:00:00
2026-05-20,2026-05-21,3号機,≪送信済リスト≫15～17年_職種不問,≪送信済用≫希望を叶える転職,1355,2026-05-20,15:00:00
2026-05-20,2026-05-21,4号機,≪送信済リスト≫23～23年_職種不問,≪送信済用≫マイナビaward受賞_実績あるサポート,1182,2026-05-20,15:00:00
2026-05-21,2026-05-22,1号機,【未送信リスト】開放日_ログイン7日以内_職種不問,【未送信用】まずはキャリア相談から,124,2026-05-21,10:00:00
2026-05-21,2026-05-22,2号機,≪送信済リスト≫登録日2日前_年齢・職種不問,【未送信用】最短でベストマッチな紹介,190,2026-05-21,10:00:00
2026-05-21,2026-05-22,3号機,≪送信済リスト≫登録日3～7日前_年齢・職種不問,≪送信済用≫希望を叶える転職,345,2026-05-21,10:00:00
2026-05-21,2026-05-22,4号機,≪送信済リスト≫登録日15日以内_年齢・職種不問,≪送信済用≫マイナビaward受賞_実績あるサポート,627,2026-05-21,10:00:00
2026-05-21,2026-05-22,1号機,【未送信リスト】既登録_ログイン7日以内_職種不問,【未送信用】まずはキャリア相談から,31,2026-05-21,15:00:00
2026-05-21,2026-05-22,2号機,≪送信済リスト≫24～24年_職種不問,【未送信用】最短でベストマッチな紹介,1219,2026-05-21,15:10:00
2026-05-21,2026-05-22,3号機,≪送信済リスト≫20～21年_職種不問,≪送信済用≫希望を叶える転職,1566,2026-05-21,15:10:00
2026-05-21,2026-05-22,4号機,≪送信済リスト≫25～25年_職種不問,≪送信済用≫マイナビaward受賞_実績あるサポート,989,2026-05-21,15:10:00
2026-05-22,2026-05-25,1号機,【未送信リスト】開放日_ログイン7日以内_職種不問,【未送信用】まずはキャリア相談から,109,2026-05-22,10:00:00
2026-05-22,2026-05-25,2号機,≪送信済リスト≫登録日2日前_年齢・職種不問,【未送信用】最短でベストマッチな紹介,193,2026-05-22,10:00:00
2026-05-22,2026-05-25,3号機,≪送信済リスト≫登録日3～7日前_年齢・職種不問,≪送信済用≫希望を叶える転職,360,2026-05-22,10:00:00
2026-05-22,2026-05-25,4号機,≪送信済リスト≫25～25年_職種不問,≪送信済用≫マイナビaward受賞_実績あるサポート,639,2026-05-22,10:00:00
2026-05-22,2026-05-25,1号機,【未送信リスト】既登録_ログイン7日以内_職種不問,【未送信用】まずはキャリア相談から,27,2026-05-22,15:00:00
2026-05-22,2026-05-25,2号機,≪送信済リスト≫22～22年_職種不問,【未送信用】最短でベストマッチな紹介,1014,2026-05-22,15:00:00
2026-05-22,2026-05-25,3号機,≪送信済リスト≫23～23年_職種不問,≪送信済用≫希望を叶える転職,1186,2026-05-22,15:00:00
2026-05-22,2026-05-25,4号機,≪送信済リスト≫登録日15日以内_年齢・職種不問,≪送信済用≫マイナビaward受賞_実績あるサポート,639,2026-05-22,10:00:00
2026-05-22,2026-05-25,5号機,≪送信済リスト≫25～25年_職種不問,≪送信済用≫再オファー,1018,2026-05-22,18:00:00
2026-05-22,2026-05-25,4号機,≪送信済リスト≫18～19年_職種不問,≪送信済用≫マイナビaward受賞_実績あるサポート,1265,2026-05-22,15:00:00
2026-05-25,2026-05-26,1号機,【未送信リスト】開放日_ログイン7日以内_職種不問,【未送信用】まずはキャリア相談から,87,2026-05-25,10:00:00
2026-05-25,2026-05-26,2号機,≪送信済リスト≫登録日2日前_年齢・職種不問,【未送信用】最短でベストマッチな紹介,125,2026-05-25,10:00:00
2026-05-25,2026-05-26,3号機,≪送信済リスト≫登録日3～7日前_年齢・職種不問,≪送信済用≫希望を叶える転職,349,2026-05-25,10:00:00
2026-05-25,2026-05-26,4号機,≪送信済リスト≫登録日15日以内_年齢・職種不問,≪送信済用≫マイナビaward受賞_実績あるサポート,653,2026-05-25,10:00:00
2026-05-25,2026-05-26,5号機,≪送信済リスト≫登録日直近30日_年齢・職種不問,≪送信済用≫再オファー,629,2026-05-25,10:00:00
2026-05-25,2026-05-26,1号機,【未送信リスト】既登録_ログイン7日以内_職種不問,【未送信用】まずはキャリア相談から,31,2026-05-25,15:00:00
2026-05-25,2026-05-26,2号機,≪送信済リスト≫15～17年_職種不問,【未送信用】最短でベストマッチな紹介,1189,2026-05-25,15:10:00
2026-05-25,2026-05-26,3号機,≪送信済リスト≫24～24年_職種不問,≪送信済用≫希望を叶える転職,1089,2026-05-25,15:10:00
2026-05-25,2026-05-26,4号機,≪送信済リスト≫20～21年_職種不問,≪送信済用≫マイナビaward受賞_実績あるサポート,1420,2026-05-25,15:15:00
2026-05-25,2026-05-26,5号機,≪送信済リスト≫25～25年_職種不問,≪送信済用≫再オファー,910,2026-05-25,15:10:00
2026-05-26,2026-05-27,1号機,【未送信リスト】開放日_ログイン7日以内_職種不問,【未送信用】まずはキャリア相談から,105,2026-05-26,10:00:00
2026-05-26,2026-05-27,2号機,≪送信済リスト≫登録日2日前_年齢・職種不問,【未送信用】最短でベストマッチな紹介,158,2026-05-26,10:00:00
2026-05-26,2026-05-27,3号機,≪送信済リスト≫登録日3～7日前_年齢・職種不問,≪送信済用≫希望を叶える転職,395,2026-05-26,10:00:00
2026-05-26,2026-05-27,1号機,【未送信リスト】既登録_ログイン7日以内_職種不問,【未送信用】まずはキャリア相談から,34,2026-05-26,14:30:00
2026-05-26,2026-05-27,2号機,≪送信済リスト≫18～19年_職種不問,【未送信用】最短でベストマッチな紹介,1330,2026-05-26,14:40:00
2026-05-26,2026-05-27,3号機,≪送信済リスト≫22～22年_職種不問,≪送信済用≫希望を叶える転職,1030,2026-05-26,14:40:00
2026-05-27,2026-05-28,1号機,【未送信リスト】開放日_ログイン7日以内_職種不問,【未送信用】まずはキャリア相談から,110,2026-05-27,10:00:00
2026-05-27,2026-05-28,2号機,≪送信済リスト≫登録日2日前_年齢・職種不問,【未送信用】最短でベストマッチな紹介,173,2026-05-27,10:00:00
2026-05-27,2026-05-28,1号機,【未送信リスト】既登録_ログイン7日以内_職種不問,【未送信用】まずはキャリア相談から,38,2026-05-27,15:00:00
2026-05-27,2026-05-28,2号機,≪送信済リスト≫登録日3～7日前_年齢・職種不問,【未送信用】最短でベストマッチな紹介,408,2026-05-27,15:30:00
2026-05-28,2026-05-29,1号機,【未送信リスト】開放日_ログイン7日以内_職種不問,【未送信用】まずはキャリア相談から,103,2026-05-28,10:00:00
2026-05-28,2026-05-29,2号機,≪送信済リスト≫登録日2日前_年齢・職種不問,【未送信用】最短でベストマッチな紹介,189,2026-05-28,10:00:00
2026-05-28,2026-05-29,1号機,【未送信リスト】既登録_ログイン7日以内_職種不問,【未送信用】まずはキャリア相談から,24,2026-05-28,14:30:00
2026-05-28,2026-05-29,2号機,≪送信済リスト≫24～24年_職種不問,【未送信用】最短でベストマッチな紹介,1156,2026-05-28,17:00:00
2026-05-29,2026-06-01,1号機,【未送信リスト】開放日_ログイン7日以内_職種不問,【未送信用】まずはキャリア相談から,115,2026-05-29,10:00:00
2026-05-29,2026-06-01,2号機,≪送信済リスト≫登録日2日前_年齢・職種不問,【未送信用】最短でベストマッチな紹介,174,2026-05-29,10:00:00
2026-05-29,2026-06-01,1号機,【未送信リスト】既登録_ログイン7日以内_職種不問,【未送信用】まずはキャリア相談から,18,2026-05-29,14:30:00
2026-05-29,2026-06-01,2号機,≪送信済リスト≫登録日3～7日前_年齢・職種不問,【未送信用】最短でベストマッチな紹介,378,2026-05-29,14:30:00
2026-05-29,2026-06-01,2号機,≪送信済リスト≫登録日2日前_年齢・職種不問,【未送信用】最短でベストマッチな紹介,194,2026-05-29,18:20:00
2026-06-01,2026-06-02,1号機,【未送信リスト】開放日_ログイン7日以内_職種不問,【未送信用】まずはキャリア相談から,115,2026-06-01,10:00:00
2026-06-01,2026-06-02,2号機,≪送信済リスト≫登録日2日前_年齢・職種不問,【未送信用】口コミ4.9オーダーメイド,140,2026-06-01,10:00:00
2026-06-01,2026-06-02,3号機,≪送信済リスト≫登録日3～7日前_年齢・職種不問,≪送信済用≫年収＆働きやすさを叶える,371,2026-06-01,08:30:00
2026-06-01,2026-06-02,1号機,【未送信リスト】既登録_ログイン7日以内_職種不問,【未送信用】まずはキャリア相談から,47,2026-06-01,16:00:00
2026-06-01,2026-06-02,2号機,≪送信済リスト≫18～19年_職種不問,【未送信用】口コミ4.9オーダーメイド,1149,2026-06-01,16:00:00
2026-06-01,2026-06-02,3号機,≪送信済リスト≫25～25年_職種不問,≪送信済用≫年収＆働きやすさを叶える,954,2026-06-01,16:00:00
2026-06-02,2026-06-03,1号機,【未送信リスト】開放日_ログイン7日以内_職種不問,【未送信用】まずはキャリア相談から,117,2026-06-02,10:00:00
2026-06-02,2026-06-03,2号機,≪送信済リスト≫登録日2日前_年齢・職種不問,【未送信用】口コミ4.9オーダーメイド,179,2026-06-02,10:00:00
2026-06-02,2026-06-03,3号機,≪送信済リスト≫登録日3～7日前_年齢・職種不問,≪送信済用≫年収＆働きやすさを叶える,424,2026-06-02,10:00:00
2026-06-02,2026-06-03,1号機,【未送信リスト】既登録_ログイン7日以内_職種不問,【未送信用】まずはキャリア相談から,29,2026-06-02,15:30:00
2026-06-02,2026-06-03,2号機,≪送信済リスト≫23～23年_職種不問,【未送信用】口コミ4.9オーダーメイド,1181,2026-06-02,15:40:00
2026-06-02,2026-06-03,3号機,≪送信済リスト≫22～22年_職種不問,≪送信済用≫年収＆働きやすさを叶える,1041,2026-06-02,15:40:00
2026-06-03,2026-06-04,1号機,【未送信リスト】開放日_ログイン7日以内_職種不問,【未送信用】まずはキャリア相談から,113,2026-06-03,10:00:00
2026-06-03,2026-06-04,2号機,≪送信済リスト≫登録日2日前_年齢・職種不問,【未送信用】口コミ4.9オーダーメイド,195,2026-06-03,10:00:00
2026-06-03,2026-06-04,3号機,≪送信済リスト≫登録日3～7日前_年齢・職種不問,≪送信済用≫年収＆働きやすさを叶える,391,2026-06-03,10:00:00
2026-06-03,2026-06-04,4号機,≪送信済リスト≫登録日15日以内_年齢・職種不問,≪送信済用≫マイナビaward受賞_実績あるサポート,837,2026-06-03,10:00:00
2026-06-03,2026-06-04,1号機,【未送信リスト】既登録_ログイン7日以内_職種不問,【未送信用】まずはキャリア相談から,31,2026-06-03,15:15:00
2026-06-03,2026-06-04,2号機,≪送信済リスト≫15～17年_職種不問,【未送信用】口コミ4.9オーダーメイド,1379,2026-06-03,15:15:00
2026-06-03,2026-06-04,3号機,≪送信済リスト≫20～21年_職種不問,≪送信済用≫年収＆働きやすさを叶える,1630,2026-06-03,15:15:00
2026-06-03,2026-06-04,4号機,≪送信済リスト≫24～24年_職種不問,≪送信済用≫マイナビaward受賞_実績あるサポート,1139,2026-06-03,15:15:00
2026-06-04,2026-06-05,1号機,【未送信リスト】開放日_ログイン7日以内_職種不問,【未送信用】まずはキャリア相談から,161,2026-06-04,10:00:00
2026-06-04,2026-06-05,2号機,≪送信済リスト≫登録日2日前_年齢・職種不問,【未送信用】口コミ4.9オーダーメイド,175,2026-06-04,10:00:00
2026-06-04,2026-06-05,3号機,≪送信済リスト≫登録日3～7日前_年齢・職種不問,≪送信済用≫年収＆働きやすさを叶える,399,2026-06-04,10:00:00
2026-06-04,2026-06-05,4号機,≪送信済リスト≫登録日15日以内_年齢・職種不問,≪送信済用≫マイナビaward受賞_実績あるサポート,1142,2026-06-04,10:00:00
2026-06-04,2026-06-05,1号機,【未送信リスト】既登録_ログイン7日以内_職種不問,【未送信用】まずはキャリア相談から,32,2026-06-04,14:55:00
2026-06-04,2026-06-05,2号機,≪送信済リスト≫25～25年_職種不問,【未送信用】口コミ4.9オーダーメイド,1054,2026-06-04,15:00:00
2026-06-04,2026-06-05,3号機,≪送信済リスト≫18～19年_職種不問,≪送信済用≫年収＆働きやすさを叶える,1378,2026-06-04,15:00:00
2026-06-08,2026-06-09,1号機,【未送信リスト】開放日_ログイン7日以内_職種不問,【未送信用】まずはキャリア相談から,202,2026-06-08,10:00:00
2026-06-08,2026-06-09,2号機,≪送信済リスト≫登録日2日前_年齢・職種不問,【未送信用】口コミ4.9オーダーメイド,609,2026-06-08,10:00:00
2026-06-08,2026-06-09,3号機,≪送信済リスト≫23～23年_職種不問,≪送信済用≫年収＆働きやすさを叶える,351,2026-06-08,10:00:00
2026-06-08,2026-06-09,1号機,【未送信リスト】既登録_ログイン7日以内_職種不問,【未送信用】まずはキャリア相談から,50,2026-06-08,15:10:00
2026-06-08,2026-06-09,2号機,≪送信済リスト≫24～24年_職種不問,【未送信用】口コミ4.9オーダーメイド,1209,2026-06-08,15:10:00
2026-06-08,2026-06-09,3号機,≪送信済リスト≫15～17年_職種不問,≪送信済用≫年収＆働きやすさを叶える,1302,2026-06-08,15:15:00
2026-06-09,2026-06-10,1号機,【未送信リスト】開放日_ログイン7日以内_職種不問,【未送信用】まずはキャリア相談から,111,2026-06-09,10:00:00
2026-06-09,2026-06-10,2号機,≪送信済リスト≫登録日2日前_年齢・職種不問,【未送信用】口コミ4.9オーダーメイド,293,2026-06-09,10:00:00
2026-06-09,2026-06-10,3号機,≪送信済リスト≫登録日3～7日前_年齢・職種不問,≪送信済用≫年収＆働きやすさを叶える,479,2026-06-09,10:00:00
2026-06-09,2026-06-10,1号機,【未送信リスト】既登録_ログイン7日以内_職種不問,【未送信用】まずはキャリア相談から,33,2026-06-09,15:00:00
2026-06-09,2026-06-10,2号機,≪送信済リスト≫20～21年_職種不問,【未送信用】口コミ4.9オーダーメイド,1719,2026-06-09,15:10:00
2026-06-09,2026-06-10,3号機,≪送信済リスト≫25～25年_職種不問,≪送信済用≫年収＆働きやすさを叶える,1090,2026-06-09,15:10:00
2026-06-09,2026-06-10,4号機,≪送信済リスト≫22～22年_職種不問,≪送信済用≫マイナビaward受賞_実績あるサポート,1141,2026-06-09,16:30:00
2026-06-09,2026-06-10,1号機,【未送信リスト】既登録_ログイン7日以内_職種不問,【未送信用】最短でベストマッチな紹介,33,2026-06-09,15:00:00
2026-06-09,2026-06-10,2号機,≪送信済リスト≫20～21年_職種不問,【未送信用】まずはキャリア相談から,1719,2026-06-09,15:10:00
2026-06-09,2026-06-10,3号機,≪送信済リスト≫25～25年_職種不問,≪送信済用≫希望を叶える転職,1090,2026-06-09,15:10:00
2026-06-10,2026-06-11,1号機,【未送信リスト】開放日_ログイン7日以内_職種不問,【未送信用】最短でベストマッチな紹介,121,2026-06-10,09:00:00
2026-06-10,2026-06-11,2号機,≪送信済リスト≫登録日2日前_年齢・職種不問,【未送信用】まずはキャリア相談から,264,2026-06-10,09:00:00
2026-06-10,2026-06-11,4号機,≪送信済リスト≫登録日3～7日前_年齢・職種不問,≪送信済用≫マイナビaward受賞_実績あるサポート,502,2026-06-10,09:05:00
2026-06-10,2026-06-11,1号機,【未送信リスト】既登録_ログイン7日以内_職種不問,【未送信用】最短でベストマッチな紹介,50,2026-06-10,15:20:00
2026-06-10,2026-06-11,2号機,≪送信済リスト≫18～19年_職種不問,【未送信用】まずはキャリア相談から,1478,2026-06-10,15:30:00
2026-06-11,2026-06-12,1号機,【未送信リスト】開放日_ログイン7日以内_職種不問,【未送信用】最短でベストマッチな紹介,123,2026-06-11,08:15:00
2026-06-11,2026-06-12,2号機,≪送信済リスト≫18～19年_職種不問,【未送信用】まずはキャリア相談から,244,2026-06-11,08:15:00
2026-06-11,2026-06-12,3号機,≪送信済リスト≫25～25年_職種不問,≪送信済用≫希望を叶える転職,466,2026-06-11,08:15:00
2026-06-11,2026-06-12,1号機,【未送信リスト】既登録_ログイン7日以内_職種不問,【未送信用】最短でベストマッチな紹介,86,2026-06-11,15:00:00
2026-06-11,2026-06-12,2号機,≪送信済リスト≫23～23年_職種不問,【未送信用】まずはキャリア相談から,1247,2026-06-11,15:00:00
2026-06-11,2026-06-12,3号機,≪送信済リスト≫24～24年_職種不問,≪送信済用≫希望を叶える転職,1216,2026-06-11,15:00:00
2026-06-12,2026-06-15,1号機,【未送信リスト】開放日_ログイン7日以内_職種不問,【未送信用】最短でベストマッチな紹介,131,2026-06-12,08:30:00
2026-06-12,2026-06-15,2号機,≪送信済リスト≫登録日2日前_年齢・職種不問,【未送信用】まずはキャリア相談から,237,2026-06-12,08:30:00
2026-06-12,2026-06-15,3号機,≪送信済リスト≫登録日3～7日前_年齢・職種不問,≪送信済用≫希望を叶える転職,433,2026-06-12,08:30:00
2026-06-12,2026-06-15,1号機,【未送信リスト】既登録_ログイン7日以内_職種不問,【未送信用】最短でベストマッチな紹介,62,2026-06-12,15:00:00
2026-06-12,2026-06-15,2号機,≪送信済リスト≫15～17年_職種不問,【未送信用】まずはキャリア相談から,1355,2026-06-12,15:00:00
2026-06-12,2026-06-15,3号機,≪送信済リスト≫22～22年_職種不問,≪送信済用≫希望を叶える転職,1050,2026-06-12,15:00:00
2026-06-12,2026-06-15,4号機,≪送信済リスト≫登録日2日前_年齢・職種不問,≪送信済用≫年収＆働きやすさを叶える,177,2026-06-12,20:00:00
2026-06-13,2026-06-15,1号機,【未送信リスト】開放日_ログイン7日以内_職種不問,【未送信用】最短でベストマッチな紹介,493,2026-06-13,16:00:00
2026-06-12,2026-06-15,2号機,≪送信済リスト≫年齢不問_営業職_全国,【未送信用】まずはキャリア相談から,1355,2026-06-12,15:00:00
2026-06-13,2026-06-15,3号機,≪送信済リスト≫登録日指定なし_ほぼ空白リスト,≪送信済用≫希望を叶える転職,1753,2026-06-13,16:30:00
2026-06-13,2026-06-15,4号機,停止,停止,,2026-06-13,16:30:00
2026-06-13,2026-06-15,1号機,≪未送信リスト≫登録日7日以内_希望勤務地空白_有効エリア,【未送信用】最短でベストマッチな紹介,493,2026-06-13,16:00:00
2026-06-14,2026-06-15,2号機,≪送信済リスト≫24～25年_職種不問,【未送信用】まずはキャリア相談から,1391,2026-06-14,10:00:00
2026-06-14,2026-06-15,3号機,≪送信済リスト≫22～23年_職種不問,≪送信済用≫希望を叶える転職,1424,2026-06-14,10:00:00
2026-06-15,2026-06-16,1号機,【未送信リスト】開放日_ログイン7日以内_職種不問,【未送信用】最短でベストマッチな紹介,98,2026-06-15,08:15:00
2026-06-15,2026-06-16,2号機,≪送信済リスト≫登録日2日前_年齢・職種不問,【未送信用】まずはキャリア相談から,272,2026-06-15,08:30:00
2026-06-15,2026-06-16,3号機,≪送信済リスト≫登録日3～7日前_年齢・職種不問,≪送信済用≫希望を叶える転職,327,2026-06-15,08:30:00
2026-06-15,2026-06-16,1号機,【未送信リスト】既登録_ログイン7日以内_職種不問,【未送信用】最短でベストマッチな紹介,159,2026-06-15,15:10:00
2026-06-15,2026-06-16,2号機,≪送信済リスト≫25～25年_職種不問,【未送信用】まずはキャリア相談から,920,2026-06-15,15:15:00
2026-06-16,2026-06-17,1号機,【未送信リスト】開放日_ログイン7日以内_職種不問,【未送信用】最短でベストマッチな紹介,126,2026-06-16,08:20:00
2026-06-16,2026-06-17,2号機,≪送信済リスト≫登録日2日前_年齢・職種不問,【未送信用】まずはキャリア相談から,182,2026-06-16,08:20:00
2026-06-16,2026-06-17,1号機,【未送信リスト】既登録_ログイン7日以内_職種不問,【未送信用】最短でベストマッチな紹介,951,2026-06-16,15:10:00
2026-06-16,2026-06-17,2号機,≪送信済リスト≫21～21年_職種不問,【未送信用】まずはキャリア相談から,1598,2026-06-16,13:30:00
2026-06-17,2026-06-18,1号機,【未送信リスト】開放日_ログイン7日以内_職種不問,【未送信用】最短でベストマッチな紹介,143,2026-06-17,08:30:00
2026-06-17,2026-06-18,2号機,≪送信済リスト≫登録日2日前_年齢・職種不問,【未送信用】まずはキャリア相談から,237,2026-06-17,08:30:00
2026-06-17,2026-06-18,1号機,【未送信リスト】既登録_ログイン7日以内_職種不問,【未送信用】最短でベストマッチな紹介,155,2026-06-17,15:15:00
2026-06-17,2026-06-18,2号機,≪送信済リスト≫18～19年_職種不問,【未送信用】まずはキャリア相談から,1432,2026-06-17,15:20:00
2026-06-18,2026-06-19,1号機,【未送信リスト】開放日_ログイン7日以内_職種不問,【未送信用】最短でベストマッチな紹介,116,2026-06-18,08:20:00
2026-06-18,2026-06-19,1号機,【未送信リスト】既登録_ログイン7日以内_職種不問,【未送信用】最短でベストマッチな紹介,66,2026-06-18,15:00:00
2026-06-19,2026-06-21,1号機,【未送信リスト】開放日_ログイン7日以内_職種不問,【未送信用】最短でベストマッチな紹介,133,2026-06-19,08:30:00
2026-06-19,2026-06-21,1号機,【未送信リスト】既登録_ログイン7日以内_職種不問,【未送信用】最短でベストマッチな紹介,60,2026-06-19,14:40:00
2026-06-20,2026-06-21,2号機,≪送信済リスト≫18～19年_職種不問,≪送信済用≫口コミ4.9オーダーメイド,1127,2026-06-20,08:30:00
2026-06-20,2026-06-21,1号機,【未送信リスト】開放日_ログイン7日以内_職種不問,【未送信用】最短でベストマッチな紹介,109,2026-06-20,08:30:00
2026-06-21,2026-06-22,1号機,【未送信リスト】開放日_ログイン7日以内_職種不問,【未送信用】最短でベストマッチな紹介,93,2026-06-21,08:30:00
2026-06-21,2026-06-22,2号機,≪送信済リスト≫登録日2日前_年齢・職種不問,≪送信済用≫口コミ4.9オーダーメイド,397,2026-06-21,08:30:00
2026-06-22,2026-06-23,1号機,【未送信リスト】開放日_ログイン7日以内_職種不問,【未送信用】最短でベストマッチな紹介,81,2026-06-22,08:20:00
2026-06-22,2026-06-23,2号機,≪送信済リスト≫登録日2日前_年齢・職種不問,≪送信済用≫口コミ4.9オーダーメイド,167,2026-06-22,08:30:00
2026-06-22,2026-06-23,1号機,【未送信リスト】既登録_ログイン7日以内_職種不問,【未送信用】最短でベストマッチな紹介,216,2026-06-22,14:00:00
2026-06-22,2026-06-23,2号機,≪送信済リスト≫22～22年_職種不問,≪送信済用≫口コミ4.9オーダーメイド,892,2026-06-22,14:15:00
2026-06-23,2026-06-24,1号機,【未送信リスト】開放日_ログイン7日以内_職種不問,【未送信用】口コミ4.9オーダーメイド,129,2026-06-23,08:15:00
2026-06-23,2026-06-24,2号機,≪送信済リスト≫登録日2日前_年齢・職種不問,≪送信済用≫年収＆働きやすさを叶える,165,2026-06-23,08:20:00
2026-06-23,2026-06-24,3号機,≪送信済リスト≫登録日3～7日前_年齢・職種不問,≪送信済用≫希望を叶える転職,382,2026-06-23,08:20:00
2026-06-23,2026-06-24,1号機,【未送信リスト】既登録_ログイン7日以内_職種不問,【未送信用】口コミ4.9オーダーメイド,105,2026-06-23,14:20:00
2026-06-23,2026-06-24,2号機,≪送信済リスト≫24～24年_職種不問,≪送信済用≫年収＆働きやすさを叶える,1191,2026-06-23,14:20:00
2026-06-23,2026-06-24,3号機,≪送信済リスト≫25～25年_職種不問,≪送信済用≫希望を叶える転職,1036,2026-06-23,14:20:00
2026-06-24,2026-06-25,1号機,【未送信リスト】開放日_ログイン7日以内_職種不問,【未送信用】口コミ4.9オーダーメイド,117,2026-06-24,08:20:00
2026-06-24,2026-06-25,2号機,≪送信済リスト≫登録日2日前_年齢・職種不問,≪送信済用≫年収＆働きやすさを叶える,224,2026-06-24,08:20:00
2026-06-24,2026-06-25,3号機,≪送信済リスト≫登録日3～7日前_年齢・職種不問,≪送信済用≫希望を叶える転職,331,2026-06-24,08:20:00
2026-06-24,2026-06-25,1号機,【未送信リスト】既登録_ログイン7日以内_職種不問,【未送信用】口コミ4.9オーダーメイド,65,2026-06-24,13:00:00
2026-06-24,2026-06-25,2号機,≪送信済リスト≫15～17年_職種不問,≪送信済用≫年収＆働きやすさを叶える,1353,2026-06-24,14:30:00
2026-06-24,2026-06-25,3号機,≪送信済リスト≫20～20年_職種不問,≪送信済用≫希望を叶える転職,1650,2026-06-24,14:30:00
2026-06-25,2026-06-26,1号機,【未送信リスト】開放日_ログイン7日以内_職種不問,【未送信用】口コミ4.9オーダーメイド,103,2026-06-25,09:10:00
2026-06-25,2026-06-26,2号機,≪送信済リスト≫登録日2日前_年齢・職種不問,≪送信済用≫年収＆働きやすさを叶える,242,2026-06-25,09:10:00
2026-06-25,2026-06-26,3号機,≪送信済リスト≫登録日3～7日前_年齢・職種不問,≪送信済用≫希望を叶える転職,312,2026-06-25,09:15:00
2026-06-25,2026-06-26,1号機,【未送信リスト】既登録_ログイン7日以内_職種不問,【未送信用】口コミ4.9オーダーメイド,23,2026-06-25,14:40:00
2026-06-26,2026-06-27,1号機,【未送信リスト】開放日_ログイン7日以内_職種不問,【未送信用】口コミ4.9オーダーメイド,109,2026-06-26,09:00:00
2026-06-26,2026-06-27,2号機,≪送信済リスト≫登録日2日前_年齢・職種不問,≪送信済用≫年収＆働きやすさを叶える,247,2026-06-26,09:05:00
2026-06-26,2026-06-27,3号機,≪送信済リスト≫登録日3～7日前_年齢・職種不問,≪送信済用≫希望を叶える転職,313,2026-06-26,09:10:00
2026-06-26,2026-06-27,1号機,【未送信リスト】既登録_ログイン7日以内_職種不問,【未送信用】口コミ4.9オーダーメイド,11,2026-06-26,13:55:00
2026-06-26,2026-06-27,2号機,≪送信済リスト≫23～23年_職種不問,≪送信済用≫年収＆働きやすさを叶える,1173,2026-06-26,14:40:00
2026-06-26,2026-06-27,3号機,≪送信済リスト≫18～19年_職種不問,≪送信済用≫希望を叶える転職,1313,2026-06-26,14:00:00
2026-06-27,2026-06-29,2号機,≪送信済リスト≫23～23年_職種不問,≪送信済用≫年収＆働きやすさを叶える,925,2026-06-27,08:15:00
2026-06-27,2026-06-29,3号機,≪送信済リスト≫24～24年_職種不問,≪送信済用≫希望を叶える転職,934,2026-06-27,08:15:00
2026-06-27,2026-06-29,4号機,≪送信済リスト≫22～22年_職種不問,≪送信済用≫再オファー,794,2026-06-27,08:15:00
2026-06-29,2026-06-30,1号機,【未送信リスト】開放日_ログイン7日以内_職種不問,【未送信用】口コミ4.9オーダーメイド,87,2026-06-29,09:05:00
2026-06-29,2026-06-30,2号機,≪送信済リスト≫登録日2日前_年齢・職種不問,≪送信済用≫年収＆働きやすさを叶える,446,2026-06-29,09:10:00
2026-06-29,2026-06-30,3号機,≪送信済リスト≫登録日3～7日前_年齢・職種不問,≪送信済用≫希望を叶える転職,274,2026-06-29,09:10:00
2026-06-29,2026-06-30,1号機,【未送信リスト】既登録_ログイン7日以内_職種不問,【未送信用】口コミ4.9オーダーメイド,32,2026-06-29,14:35:00
2026-06-29,2026-06-30,2号機,≪送信済リスト≫23～23年_職種不問,≪送信済用≫年収＆働きやすさを叶える,1113,2026-06-29,14:35:00
2026-06-29,2026-06-30,3号機,≪送信済リスト≫24～24年_職種不問,≪送信済用≫希望を叶える転職,1099,2026-06-29,14:35:00
2026-06-30,2026-07-01,1号機,【未送信リスト】開放日_ログイン7日以内_職種不問,【未送信用】口コミ4.9オーダーメイド,110,2026-06-30,09:10:00
2026-06-30,2026-07-01,2号機,≪送信済リスト≫登録日2日前_年齢・職種不問,≪送信済用≫年収＆働きやすさを叶える,226,2026-06-30,09:40:00
2026-06-30,2026-07-01,3号機,≪送信済リスト≫登録日3～7日前_年齢・職種不問,≪送信済用≫希望を叶える転職,342,2026-06-30,09:40:00
2026-06-30,2026-07-01,1号機,【未送信リスト】既登録_ログイン7日以内_職種不問,【未送信用】口コミ4.9オーダーメイド,28,2026-06-30,15:25:00
2026-06-30,2026-07-01,2号機,≪送信済リスト≫20～2１年_職種不問,≪送信済用≫年収＆働きやすさを叶える,1614,2026-06-30,15:40:00
2026-06-30,2026-07-01,3号機,≪送信済リスト≫22～22年_職種不問,≪送信済用≫希望を叶える転職,1023,2026-06-30,15:40:00
2026-07-01,2026-07-02,1号機,【未送信リスト】開放日_ログイン7日以内_職種不問,【未送信用】口コミ4.9オーダーメイド,301,2026-07-01,08:40:00
2026-07-01,2026-07-02,1号機,【未送信リスト】既登録_ログイン7日以内_職種不問,【未送信用】口コミ4.9オーダーメイド,40,2026-07-01,14:50:00
2026-07-01,2026-07-02,2号機,≪送信済リスト≫登録日2日前_年齢・職種不問,≪送信済用≫年収＆働きやすさを叶える,230,2026-07-01,09:20:00
2026-07-01,2026-07-02,3号機,≪送信済リスト≫登録日3～7日前_年齢・職種不問,≪送信済用≫希望を叶える転職,318,2026-07-01,09:20:00
2026-07-01,2026-07-02,2号機,≪送信済リスト≫18～19年_職種不問,≪送信済用≫年収＆働きやすさを叶える,1388,2026-07-01,15:10:00
2026-07-01,2026-07-02,3号機,≪送信済リスト≫23～23年_職種不問,≪送信済用≫希望を叶える転職,1201,2026-07-01,15:10:00
2026-07-02,2026-07-03,1号機,【未送信リスト】開放日_ログイン7日以内_職種不問,【未送信用】口コミ4.9オーダーメイド,151,2026-07-02,09:15:00
2026-07-02,2026-07-03,2号機,≪送信済リスト≫登録日2日前_年齢・職種不問,≪送信済用≫年収＆働きやすさを叶える,235,2026-07-02,09:20:00
2026-07-02,2026-07-03,3号機,≪送信済リスト≫登録日3～7日前_年齢・職種不問,≪送信済用≫希望を叶える転職,306,2026-07-02,09:25:00
2026-07-02,2026-07-03,1号機,【未送信リスト】開放日_ログイン7日以内_職種不問,【未送信用】口コミ4.9オーダーメイド,349,2026-07-02,13:20:00
2026-07-02,2026-07-03,2号機,≪送信済リスト≫24～24年_職種不問,≪送信済用≫年収＆働きやすさを叶える,1143,2026-07-02,16:10:00
2026-07-02,2026-07-03,3号機,≪送信済リスト≫25～25年_職種不問,≪送信済用≫希望を叶える転職,997,2026-07-02,14:15:00
2026-07-03,2026-07-06,1号機,【未送信リスト】開放日_ログイン1日以内_職種不問,【未送信用】最短でベストマッチな紹介,260,2026-07-03,09:15:00
2026-07-03,2026-07-06,2号機,≪送信済リスト≫登録日2日前ログイン1日前_年齢・職種不問,≪送信済用≫口コミ4.9オーダーメイド,282,2026-07-03,09:20:00
2026-07-03,2026-07-06,3号機,≪送信済リスト≫登録日指定なし_ほぼ空白リスト,≪送信済用≫マイナビaward受賞_実績あるサポート,1623,2026-07-03,09:20:00
2026-07-03,2026-07-06,1号機,【未送信リスト】開放日_ログイン7日以内_職種不問,【未送信用】最短でベストマッチな紹介,42,2026-07-03,15:00:00
2026-07-03,2026-07-06,2号機,≪送信済リスト≫15～17年_職種不問,≪送信済用≫口コミ4.9オーダーメイド,1335,2026-07-03,15:10:00
2026-07-03,2026-07-06,1号機,【未送信リスト】既登録_ログイン3日以内_職種不問,【未送信用】最短でベストマッチな紹介,515,2026-07-03,16:00:00
2026-07-06,2026-07-07,1号機,【未送信】開放日_東日本_学歴不問_15-25_経験3社_エリア不順,【未送信用】最短でベストマッチな紹介,117,2026-07-06,09:10:00
2026-07-06,2026-07-07,2号機,【未送信】開放日_西日本_学歴不問_15-25_経験3社_エリア不順,≪送信済用≫口コミ4.9オーダーメイド,194,2026-07-06,09:10:00
2026-07-06,2026-07-07,3号機,≪送信済≫開放日_東日本_学歴不問_15-25_経験3社_エリア不順,≪送信済用≫マイナビaward受賞_実績あるサポート,418,2026-07-06,09:20:00
2026-07-06,2026-07-07,4号機,≪送信済≫開放日_西日本_学歴不問_15-25_経験3社_エリア不順,≪送信済用≫再オファー,526,2026-07-06,09:20:00
2026-07-06,2026-07-07,1号機,【未送信】既登録_東日本_学歴不問_19-25_経験2社_エリア第2,【未送信用】最短でベストマッチな紹介,1023,2026-07-06,14:10:00
2026-07-06,2026-07-07,2号機,【未送信】既登録_西日本_学歴不問_19-25_経験2社_エリア第2,≪送信済用≫口コミ4.9オーダーメイド,1016,2026-07-06,15:10:00
2026-07-06,2026-07-07,3号機,≪送信済≫既登録_東日本_卒業のみ_22-25_経験1社_エリア第１_半年以内,≪送信済用≫マイナビaward受賞_実績あるサポート,1951,2026-07-06,17:00:00
2026-07-06,2026-07-07,4号機,≪送信済≫既登録_西日本_卒業のみ_21-25_経験2社_エリア第１_半年以内,≪送信済用≫再オファー,1785,2026-07-06,15:00:00
2026-07-07,2026-07-08,1号機,【未送信】開放日_東日本_学歴不問_15-25_経験3社_エリア不順,【未送信用】最短でベストマッチな紹介,173,2026-07-07,09:05:00
2026-07-07,2026-07-08,2号機,【未送信】開放日_西日本_学歴不問_15-25_経験3社_エリア不順,≪送信済用≫口コミ4.9オーダーメイド,116,2026-07-07,09:05:00
2026-07-07,2026-07-08,3号機,≪送信済≫開放日_東日本_学歴不問_15-25_経験3社_エリア不順,≪送信済用≫マイナビaward受賞_実績あるサポート,434,2026-07-07,09:10:00
2026-07-07,2026-07-08,4号機,≪送信済≫開放日_西日本_学歴不問_15-25_経験3社_エリア不順,≪送信済用≫再オファー,471,2026-07-07,09:10:00
2026-07-07,2026-07-08,1号機,【未送信】既登録_東日本_学歴不問_19-25_経験2社_エリア第2,【未送信用】最短でベストマッチな紹介,856,2026-07-07,16:45:00
2026-07-07,2026-07-08,2号機,【未送信】既登録_西日本_学歴不問_19-25_経験2社_エリア第2,≪送信済用≫口コミ4.9オーダーメイド,1141,2026-07-07,16:45:00
2026-07-07,2026-07-08,3号機,≪送信済≫既登録_東日本_卒業のみ_23-25_経験1社_エリア第１_半年以内,≪送信済用≫マイナビaward受賞_実績あるサポート,1692,2026-07-07,16:45:00
2026-07-07,2026-07-08,4号機,≪送信済≫既登録_西日本_卒業のみ_21-25_経験2社_エリア第１_半年以内,≪送信済用≫再オファー,1885,2026-07-07,16:45:00
2026-07-08,2026-07-08,1号機,【未送信】開放日_東日本_学歴不問_15-25_経験3社_エリア不順,【未送信用】最短でベストマッチな紹介,167,2026-07-08,07:07:00
2026-07-08,2026-07-08,2号機,【未送信】開放日_西日本_学歴不問_15-25_経験3社_エリア不順,≪送信済用≫口コミ4.9オーダーメイド,121,2026-07-08,07:07:00
2026-07-07,2026-07-08,3号機,≪送信済≫既登録_東日本_卒業のみ_22-25_経験1社_エリア第１_半年以内,≪送信済用≫マイナビaward受賞_実績あるサポート,1692,2026-07-07,16:45:00
2026-07-08,2026-07-08,4号機,≪送信済≫開放日_西日本_学歴不問_15-25_経験3社_エリア不順,≪送信済用≫再オファー,428,2026-07-08,07:07:00
2026-07-08,2026-07-08,3号機,≪送信済≫開放日_東日本_学歴不問_15-25_経験3社_エリア不順,≪送信済用≫マイナビaward受賞_実績あるサポート,401,2026-07-08,07:07:00
2026-07-08,2026-07-09,1号機,【未送信】開放日_東日本_学歴不問_15-25_経験3社_エリア不順,【未送信用】最短でベストマッチな紹介,167,2026-07-08,07:07:00
2026-07-08,2026-07-09,2号機,【未送信】開放日_西日本_学歴不問_15-25_経験3社_エリア不順,≪送信済用≫口コミ4.9オーダーメイド,121,2026-07-08,07:07:00
2026-07-08,2026-07-09,3号機,≪送信済≫開放日_東日本_学歴不問_15-25_経験3社_エリア不順,≪送信済用≫マイナビaward受賞_実績あるサポート,401,2026-07-08,07:07:00
2026-07-08,2026-07-09,4号機,≪送信済≫開放日_西日本_学歴不問_15-25_経験3社_エリア不順,≪送信済用≫再オファー,428,2026-07-08,07:07:00
2026-07-08,2026-07-09,1号機,【未送信】既登録_東日本_学歴不問_19-25_経験2社_エリア第2,【未送信用】最短でベストマッチな紹介,971,2026-07-08,14:30:00
2026-07-08,2026-07-09,2号機,【未送信】既登録_西日本_学歴不問_19-25_経験2社_エリア第2,≪送信済用≫口コミ4.9オーダーメイド,987,2026-07-08,13:40:00
2026-07-08,2026-07-09,3号機,≪送信済≫既登録_東日本_卒業のみ_23-25_経験1社_エリア第１_半年以内,≪送信済用≫マイナビaward受賞_実績あるサポート,1686,2026-07-08,16:40:00
2026-07-08,2026-07-09,4号機,≪送信済≫既登録_西日本_卒業のみ_21-25_経験2社_エリア第１_半年以内,≪送信済用≫再オファー,1947,2026-07-08,16:55:00
2026-07-09,2026-07-09,1号機,【未送信】開放日_東日本_学歴不問_15-25_経験3社_エリア不順,【未送信用】最短でベストマッチな紹介,193,2026-07-09,07:12:00
2026-07-09,2026-07-09,2号機,【未送信】開放日_西日本_学歴不問_15-25_経験3社_エリア不順,≪送信済用≫口コミ4.9オーダーメイド,120,2026-07-09,07:12:00
2026-07-09,2026-07-09,3号機,≪送信済≫開放日_東日本_学歴不問_15-25_経験3社_エリア不順,≪送信済用≫マイナビaward受賞_実績あるサポート,425,2026-07-09,07:12:00
2026-07-09,2026-07-09,4号機,≪送信済≫開放日_西日本_学歴不問_15-25_経験3社_エリア不順,≪送信済用≫再オファー,381,2026-07-09,07:12:00
2026-07-09,2026-07-10,1号機,【未送信】開放日_東日本_学歴不問_15-25_経験3社_エリア不順,【未送信用】最短でベストマッチな紹介,193,2026-07-09,07:12:00
2026-07-09,2026-07-10,2号機,【未送信】開放日_西日本_学歴不問_15-25_経験3社_エリア不順,≪送信済用≫口コミ4.9オーダーメイド,120,2026-07-09,07:12:00
2026-07-09,2026-07-10,3号機,≪送信済≫開放日_東日本_学歴不問_15-25_経験3社_エリア不順,≪送信済用≫マイナビaward受賞_実績あるサポート,425,2026-07-09,07:12:00
2026-07-09,2026-07-10,4号機,≪送信済≫開放日_西日本_学歴不問_15-25_経験3社_エリア不順,≪送信済用≫再オファー,381,2026-07-09,07:12:00
2026-07-09,2026-07-10,1号機,【未送信】開放日_東日本_学歴不問_15-25_経験3社_エリア不順,【未送信用】口コミ4.9オーダーメイド,193,2026-07-09,07:12:00
2026-07-09,2026-07-10,2号機,【未送信】開放日_西日本_学歴不問_15-25_経験3社_エリア不順,【未送信用】まずはキャリア相談から,120,2026-07-09,07:12:00
2026-07-09,2026-07-10,3号機,≪送信済≫開放日_東日本_学歴不問_15-25_経験3社_エリア不順,≪送信済用≫希望を叶える転職,425,2026-07-09,07:12:00
2026-07-09,2026-07-10,4号機,≪送信済≫開放日_西日本_学歴不問_15-25_経験3社_エリア不順,≪送信済用≫年収＆働きやすさを叶える,381,2026-07-09,07:12:00
2026-07-10,2026-07-10,1号機,【未送信】開放日_東日本_学歴不問_15-25_経験3社_エリア不順,【未送信用】口コミ4.9オーダーメイド,201,2026-07-10,07:54:00
2026-07-10,2026-07-10,2号機,【未送信】開放日_西日本_学歴不問_15-25_経験3社_エリア不順,【未送信用】まずはキャリア相談から,136,2026-07-10,07:54:00
2026-07-10,2026-07-10,3号機,≪送信済≫開放日_東日本_学歴不問_15-25_経験3社_エリア不順,≪送信済用≫希望を叶える転職,416,2026-07-10,07:54:00
2026-07-10,2026-07-10,4号機,≪送信済≫開放日_西日本_学歴不問_15-25_経験3社_エリア不順,≪送信済用≫年収＆働きやすさを叶える,368,2026-07-10,07:54:00
2026-07-10,2026-07-13,1号機,【未送信】開放日_東日本_学歴不問_15-25_経験3社_エリア不順,【未送信用】口コミ4.9オーダーメイド,201,2026-07-10,07:54:00
2026-07-10,2026-07-13,2号機,【未送信】開放日_西日本_学歴不問_15-25_経験3社_エリア不順,【未送信用】まずはキャリア相談から,136,2026-07-10,07:54:00
2026-07-10,2026-07-13,3号機,≪送信済≫開放日_東日本_学歴不問_15-25_経験3社_エリア不順,≪送信済用≫希望を叶える転職,416,2026-07-10,07:54:00
2026-07-10,2026-07-13,4号機,≪送信済≫開放日_西日本_学歴不問_15-25_経験3社_エリア不順,≪送信済用≫年収＆働きやすさを叶える,368,2026-07-10,07:54:00
2026-07-10,2026-07-13,1号機,【未送信】既登録_東日本_学歴不問_19-25_経験2社_エリア第2,【未送信用】口コミ4.9オーダーメイド,777,2026-07-10,13:00:00
2026-07-10,2026-07-13,2号機,【未送信】既登録_西日本_学歴不問_19-25_経験2社_エリア第2,【未送信用】まずはキャリア相談から,718,2026-07-10,13:00:00
2026-07-10,2026-07-13,3号機,≪送信済≫既登録_東日本_学歴不問_15-18_経験3社_エリア不順,≪送信済用≫希望を叶える転職,1312,2026-07-10,14:30:00
2026-07-10,2026-07-13,4号機,≪送信済≫既登録_西日本_学歴不問_19-21_経験3社_エリア不順,≪送信済用≫年収＆働きやすさを叶える,1239,2026-07-10,13:40:00
2026-07-12,2026-07-13,1号機,【未送信】既登録_東日本_学歴不問_15-25_経験2社_エリア第2,【未送信用】口コミ4.9オーダーメイド,378,2026-07-12,13:57:00
2026-07-12,2026-07-13,2号機,【未送信】既登録_西日本_学歴不問_15-25_経験2社_エリア第2,【未送信用】まずはキャリア相談から,238,2026-07-12,13:55:00
2026-07-12,2026-07-13,3号機,≪送信済≫既登録_東日本_学歴不問_24-25_経験2社_エリア不順,≪送信済用≫希望を叶える転職,1588,2026-07-12,14:00:00
2026-07-12,2026-07-13,4号機,≪送信済≫既登録_西日本_学歴不問_24-25_経験2社_エリア不順,≪送信済用≫年収＆働きやすさを叶える,1046,2026-07-12,14:00:00
2026-07-13,2026-07-13,1号機,【未送信】開放日_東日本_学歴不問_15-25_経験3社_エリア不順,【未送信用】口コミ4.9オーダーメイド,156,2026-07-13,08:12:00
2026-07-13,2026-07-13,2号機,【未送信】開放日_西日本_学歴不問_15-25_経験3社_エリア不順,【未送信用】まずはキャリア相談から,110,2026-07-13,08:12:00
2026-07-13,2026-07-13,3号機,≪送信済≫開放日_東日本_学歴不問_15-25_経験3社_エリア不順,≪送信済用≫希望を叶える転職,367,2026-07-13,08:12:00
2026-07-13,2026-07-13,4号機,≪送信済≫開放日_西日本_学歴不問_15-25_経験3社_エリア不順,≪送信済用≫年収＆働きやすさを叶える,264,2026-07-13,08:12:00
2026-07-13,2026-07-14,1号機,【未送信】開放日_東日本_学歴不問_15-25_経験3社_エリア不順,【未送信用】口コミ4.9オーダーメイド,156,2026-07-13,08:12:00
2026-07-13,2026-07-14,2号機,【未送信】開放日_西日本_学歴不問_15-25_経験3社_エリア不順,【未送信用】まずはキャリア相談から,110,2026-07-13,08:12:00
2026-07-13,2026-07-14,3号機,≪送信済≫開放日_東日本_学歴不問_15-25_経験3社_エリア不順,≪送信済用≫希望を叶える転職,367,2026-07-13,08:12:00
2026-07-13,2026-07-14,4号機,≪送信済≫開放日_西日本_学歴不問_15-25_経験3社_エリア不順,≪送信済用≫年収＆働きやすさを叶える,264,2026-07-13,08:12:00
2026-07-13,2026-07-14,1号機,【未送信】既登録_東日本_学歴不問_19-25_経験2社_エリア第2,【未送信用】口コミ4.9オーダーメイド,327,2026-07-13,13:00:00
2026-07-13,2026-07-14,2号機,【未送信】既登録_西日本_学歴不問_19-25_経験2社_エリア第2,【未送信用】まずはキャリア相談から,237,2026-07-13,13:10:00
2026-07-13,2026-07-14,3号機,≪送信済≫既登録_東日本_学歴不問_21-22_経験2社_エリア不順,≪送信済用≫希望を叶える転職,1686,2026-07-13,16:45:00
2026-07-13,2026-07-14,4号機,≪送信済≫既登録_西日本_学歴不問_22-23_経験2社_エリア不順,≪送信済用≫年収＆働きやすさを叶える,1240,2026-07-13,15:00:00
2026-07-14,2026-07-15,1号機,【未送信】開放日_東日本_学歴不問_15-25_経験3社_エリア不順,【未送信用】口コミ4.9オーダーメイド,204,2026-07-14,09:00:00
2026-07-14,2026-07-15,2号機,【未送信】開放日_西日本_学歴不問_15-25_経験3社_エリア不順,【未送信用】まずはキャリア相談から,141,2026-07-14,09:00:00
2026-07-14,2026-07-15,3号機,≪送信済≫開放日_東日本_学歴不問_15-25_経験3社_エリア不順,≪送信済用≫希望を叶える転職,427,2026-07-14,09:00:00
2026-07-14,2026-07-15,4号機,≪送信済≫開放日_西日本_学歴不問_15-25_経験3社_エリア不順,≪送信済用≫年収＆働きやすさを叶える,306,2026-07-14,09:00:00
2026-07-14,2026-07-15,1号機,【未送信】既登録_東日本_学歴不問_15-18_経験3社_エリア第2,【未送信用】口コミ4.9オーダーメイド,470,2026-07-14,16:15:00
2026-07-14,2026-07-15,2号機,【未送信】既登録_西日本_学歴不問_19-25_経験2社_エリア第2,【未送信用】まずはキャリア相談から,167,2026-07-14,15:20:00
2026-07-15,2026-07-16,1号機,【未送信】開放日_東日本_学歴不問_15-25_経験3社_エリア不順,【未送信用】口コミ4.9オーダーメイド,162,2026-07-15,09:10:00
2026-07-15,2026-07-16,2号機,【未送信】開放日_西日本_学歴不問_15-25_経験3社_エリア不順,【未送信用】まずはキャリア相談から,119,2026-07-15,09:10:00
2026-07-15,2026-07-16,3号機,≪送信済≫開放日_東日本_学歴不問_15-25_経験3社_エリア不順,≪送信済用≫希望を叶える転職,462,2026-07-15,09:30:00
2026-07-15,2026-07-16,4号機,≪送信済≫開放日_東日本_学歴不問_15-25_経験3社_エリア不順,≪送信済用≫年収＆働きやすさを叶える,333,2026-07-15,09:30:00
2026-07-16,2026-07-17,1号機,【未送信】開放日_東日本_学歴不問_15-25_経験3社_エリア不順,【未送信用】まずはキャリア相談から,110,2026-07-16,09:30:00
2026-07-16,2026-07-17,2号機,【未送信】開放日_西日本_学歴不問_15-25_経験3社_エリア不順,【未送信用】最短でベストマッチな紹介,95,2026-07-16,09:30:00
2026-07-16,2026-07-17,3号機,≪送信済≫開放日_東日本_学歴不問_２０-2３_経験3社_エリア第１,≪送信済用≫口コミ4.9オーダーメイド,201,2026-07-16,09:35:00
2026-07-16,2026-07-17,4号機,≪送信済≫開放日_西日本_学歴不問_1８-23_経験3社_エリア第1,≪送信済用≫口コミ4.9あなたに合った仕事,196,2026-07-16,09:35:00
2026-07-16,2026-07-17,1号機,【未送信】既登録_東日本_卒業のみ_23-25_経験1社_エリア第1,【未送信用】まずはキャリア相談から,190,2026-07-16,15:40:00
2026-07-16,2026-07-17,2号機,【未送信】既登録_西日本_卒業のみ_21-25_経験1社_エリア第2,【未送信用】最短でベストマッチな紹介,160,2026-07-16,15:45:00
2026-07-16,2026-07-17,3号機,≪送信済≫開放日_東日本_学歴不問_15-25_経験3社_エリア不順,≪送信済用≫口コミ4.9オーダーメイド,201,2026-07-16,09:35:00
2026-07-16,2026-07-17,4号機,≪送信済≫開放日_西日本_学歴不問_15-25_経験3社_エリア不順,≪送信済用≫口コミ4.9あなたに合った仕事,196,2026-07-16,09:35:00
2026-07-17,2026-07-18,1号機,【未送信】開放日_東日本_学歴不問_15-25_経験3社_エリア不順,【未送信用】まずはキャリア相談から,142,2026-07-17,09:05:00
2026-07-17,2026-07-18,2号機,【未送信】開放日_西日本_学歴不問_15-25_経験3社_エリア不順,【未送信用】最短でベストマッチな紹介,133,2026-07-17,09:05:00
2026-07-17,2026-07-18,3号機,≪送信済≫開放日_東日本_学歴不問_1９-2３_経験3社_エリア第1,≪送信済用≫口コミ4.9オーダーメイド,200,2026-07-17,09:05:00
2026-07-17,2026-07-18,4号機,≪送信済≫開放日_西日本_学歴不問_17-23_経験3社_エリア不順,≪送信済用≫口コミ4.9あなたに合った仕事,200,2026-07-17,09:05:00
2026-07-17,2026-07-18,1号機,【未送信】既登録_東日本_学歴不問_22-23_経験2社_エリア第1,【未送信用】まずはキャリア相談から,69,2026-07-17,15:30:00
2026-07-17,2026-07-18,2号機,【未送信】既登録_西日本_学歴不問_22-24_経験2社_エリア第2,【未送信用】最短でベストマッチな紹介,49,2026-07-17,15:30:00
2026-07-18,2026-07-21,1号機,【未送信】既登録_東日本_学歴不問_19-25_経験2社_エリア第2,【未送信用】まずはキャリア相談から,310,2026-07-18,13:50:00
2026-07-18,2026-07-21,2号機,【未送信】既登録_西日本_学歴不問_15-18_経験3社_エリア第2,【未送信用】最短でベストマッチな紹介,202,2026-07-18,13:50:00
2026-07-18,2026-07-21,3号機,≪送信済≫既登録_東日本_学歴不問_23-23_経験2社_エリア不順,≪送信済用≫口コミ4.9オーダーメイド,922,2026-07-18,13:50:00
2026-07-18,2026-07-21,4号機,≪送信済≫既登録_西日本_学歴不問_15-18_経験3社_エリア不順,≪送信済用≫口コミ4.9あなたに合った仕事,811,2026-07-18,13:55:00
2026-07-19,2026-07-21,1号機,【未送信】開放日_全国_学歴不問_15-25_経験3社_エリア不順,【未送信用】まずはキャリア相談から,218,2026-07-19,05:23:00
2026-07-19,2026-07-21,2号機,【未送信】既登録_全国_学歴不問_15-25_経験2社_エリア第2,【未送信用】最短でベストマッチな紹介,363,2026-07-19,05:27:00
2026-07-19,2026-07-21,3号機,≪送信済≫開放日_東日本_学歴不問_15-25_経験3社_エリア不順,≪送信済用≫口コミ4.9オーダーメイド,324,2026-07-19,05:32:00
2026-07-19,2026-07-21,4号機,≪送信済≫開放日_西日本_学歴不問_15-25_経験3社_エリア不順,≪送信済用≫口コミ4.9あなたに合った仕事,278,2026-07-19,05:33:00
2026-07-19,2026-07-21,1号機,【未送信】既登録_東日本_学歴不問_15-25_経験3社_エリア不順,【未送信用】まずはキャリア相談から,285,2026-07-19,14:26:00
2026-07-19,2026-07-21,2号機,【未送信】既登録_西日本_学歴不問_15-25_経験3社_エリア不順,【未送信用】最短でベストマッチな紹介,309,2026-07-19,14:28:00
2026-07-19,2026-07-21,3号機,≪送信済≫既登録_東日本_学歴不問_24-25_経験2社_エリア不順,≪送信済用≫口コミ4.9オーダーメイド,1520,2026-07-19,14:30:00
2026-07-19,2026-07-21,4号機,≪送信済≫既登録_西日本_学歴不問_24-25_経験2社_エリア不順,≪送信済用≫口コミ4.9あなたに合った仕事,1039,2026-07-19,14:31:00
2026-07-20,2026-07-21,1号機,【未送信】開放日_全国_学歴不問_15-25_経験3社_エリア不順,【未送信用】まずはキャリア相談から,134,2026-07-20,08:23:00
2026-07-20,2026-07-21,2号機,【未送信】既登録_全国_学歴不問_15-25_経験2社_エリア第2,【未送信用】最短でベストマッチな紹介,213,2026-07-20,08:23:00
2026-07-20,2026-07-21,3号機,≪送信済≫開放日_東日本_学歴不問_15-25_経験3社_エリア不順,≪送信済用≫口コミ4.9オーダーメイド,331,2026-07-20,08:25:00
2026-07-20,2026-07-21,4号機,≪送信済≫開放日_西日本_学歴不問_15-25_経験3社_エリア不順,≪送信済用≫口コミ4.9あなたに合った仕事,267,2026-07-20,08:25:00
2026-07-20,2026-07-21,1号機,【未送信】既登録_東日本_学歴不問_15-25_経験3社_エリア不順,【未送信用】まずはキャリア相談から,116,2026-07-20,11:39:00
2026-07-20,2026-07-21,2号機,【未送信】既登録_西日本_学歴不問_15-25_経験3社_エリア不順,【未送信用】最短でベストマッチな紹介,103,2026-07-20,11:39:00
2026-07-20,2026-07-21,3号機,≪送信済≫既登録_東日本_学歴不問_23-23_経験2社_エリア不順,≪送信済用≫口コミ4.9オーダーメイド,1829,2026-07-20,11:39:00
2026-07-20,2026-07-21,4号機,≪送信済≫既登録_西日本_学歴不問_22-23_経験2社_エリア不順,≪送信済用≫口コミ4.9あなたに合った仕事,1438,2026-07-20,11:39:00
2026-07-21,2026-07-21,1号機,【未送信】開放日_東日本_学歴不問_15-25_経験3社_エリア不順,【未送信用】まずはキャリア相談から,157,2026-07-21,06:30:00
2026-07-21,2026-07-21,2号機,【未送信】開放日_西日本_学歴不問_15-25_経験3社_エリア不順,【未送信用】最短でベストマッチな紹介,106,2026-07-21,06:30:00
2026-07-21,2026-07-21,3号機,≪送信済≫開放日_東日本_学歴不問_15-25_経験3社_エリア不順,≪送信済用≫口コミ4.9オーダーメイド,282,2026-07-21,06:31:00
2026-07-21,2026-07-21,4号機,≪送信済≫開放日_西日本_学歴不問_15-25_経験3社_エリア不順,≪送信済用≫口コミ4.9あなたに合った仕事,249,2026-07-21,06:32:00
2026-07-21,2026-07-22,1号機,【未送信】開放日_東日本_学歴不問_15-25_経験3社_エリア不順,【未送信用】まずはキャリア相談から,157,2026-07-21,06:30:00
2026-07-21,2026-07-22,2号機,【未送信】開放日_西日本_学歴不問_15-25_経験3社_エリア不順,【未送信用】最短でベストマッチな紹介,106,2026-07-21,06:30:00
2026-07-21,2026-07-22,3号機,≪送信済≫開放日_東日本_学歴不問_15-25_経験3社_エリア不順,≪送信済用≫口コミ4.9オーダーメイド,282,2026-07-21,06:31:00
2026-07-21,2026-07-22,4号機,≪送信済≫開放日_西日本_学歴不問_15-25_経験3社_エリア不順,≪送信済用≫口コミ4.9あなたに合った仕事,249,2026-07-21,06:32:00
2026-07-21,2026-07-22,1号機,【未送信】既登録_東日本_学歴不問_19-25_経験2社_エリア第2,【未送信用】まずはキャリア相談から,135,2026-07-21,13:40:00
2026-07-21,2026-07-22,2号機,【未送信】既登録_全国_学歴不問_19-25_経験2社_エリア第2,【未送信用】最短でベストマッチな紹介,120,2026-07-21,13:40:00
2026-07-21,2026-07-22,3号機,≪送信済≫既登録_東日本_学歴不問_19-20_経験3社_エリア不順,≪送信済用≫口コミ4.9オーダーメイド,1465,2026-07-21,15:40:00
2026-07-21,2026-07-22,4号機,≪送信済≫既登録_西日本_学歴不問_24-25_経験2社_エリア不順,≪送信済用≫口コミ4.9あなたに合った仕事,1306,2026-07-21,13:50:00
2026-07-21,2026-07-22,2号機,【未送信】既登録_西日本_学歴不問_15-18_経験3社_エリア第2,【未送信用】最短でベストマッチな紹介,70,2026-07-21,17:00:00
2026-07-22,2026-07-23,1号機,【未送信】開放日_東日本_学歴不問_15-25_経験3社_エリア不順,【未送信用】まずはキャリア相談から,125,2026-07-22,09:25:00
2026-07-22,2026-07-23,2号機,【未送信】開放日_西日本_学歴不問_15-25_経験3社_エリア不順,【未送信用】最短でベストマッチな紹介,62,2026-07-22,09:25:00
2026-07-22,2026-07-23,3号機,≪送信済≫開放日_東日本_学歴不問_15-25_経験3社_エリア不順,≪送信済用≫口コミ4.9オーダーメイド,428,2026-07-22,09:25:00
2026-07-22,2026-07-23,4号機,≪送信済≫開放日_西日本_学歴不問_15-25_経験3社_エリア不順,≪送信済用≫口コミ4.9あなたに合った仕事,309,2026-07-22,09:25:00
2026-07-22,2026-07-23,1号機,【未送信】既登録_東日本_学歴不問_15-18_経験3社_エリア第2,【未送信用】まずはキャリア相談から,160,2026-07-22,14:10:00
2026-07-22,2026-07-23,2号機,【未送信】既登録_全国_学歴不問_15-25_経験2社_エリア第2,【未送信用】最短でベストマッチな紹介,272,2026-07-22,13:10:00
2026-07-22,2026-07-23,4号機,≪送信済≫既登録_西日本_学歴不問_22-23_経験2社_エリア不順,≪送信済用≫口コミ4.9あなたに合った仕事,1453,2026-07-22,15:25:00
2026-07-23,2026-07-24,1号機,【未送信】開放日_東日本_学歴不問_15-25_経験3社_エリア不順,【未送信用】口コミ4.9オーダーメイド,95,2026-07-23,09:15:00
2026-07-23,2026-07-24,2号機,【未送信】開放日_西日本_学歴不問_15-25_経験3社_エリア不順,【未送信用】まずはキャリア相談から,78,2026-07-23,09:15:00
2026-07-23,2026-07-24,3号機,≪送信済≫開放日_東日本_学歴不問_15-25_経験3社_エリア不順,≪送信済用≫マイナビaward受賞_実績あるサポート,457,2026-07-23,09:15:00
2026-07-23,2026-07-24,4号機,≪送信済≫開放日_西日本_学歴不問_15-25_経験3社_エリア不順,≪送信済用≫希望を叶える転職,426,2026-07-23,09:15:00
2026-07-23,2026-07-24,1号機,【未送信】既登録_東日本_学歴不問_15-25_経験3社_エリア不順,【未送信用】口コミ4.9オーダーメイド,185,2026-07-23,14:00:00
2026-07-23,2026-07-24,2号機,【未送信】既登録_西日本_学歴不問_19-25_経験2社_エリア第2,【未送信用】まずはキャリア相談から,47,2026-07-23,15:30:00
2026-07-23,2026-07-24,3号機,≪送信済≫既登録_東日本_学歴不問_19-20_経験3社_エリア不順,≪送信済用≫マイナビaward受賞_実績あるサポート,1573,2026-07-23,16:10:00
2026-07-23,2026-07-24,4号機,≪送信済≫既登録_西日本_学歴不問_22-23_経験2社_エリア不順,≪送信済用≫希望を叶える転職,1503,2026-07-23,14:40:00
2026-07-25,2026-07-28,3号機,≪送信済≫既登録_全国_学歴不問_24-25_経験1社_エリア不順,≪送信済用≫マイナビaward受賞_実績あるサポート,1443,2026-07-25,12:04:00
2026-07-26,2026-07-28,3号機,≪送信済≫既登録_東日本_学歴不問_23-24_経験2社_エリア不順,≪送信済用≫マイナビaward受賞_実績あるサポート,1113,2026-07-26,15:24:00
2026-07-25,2026-07-28,4号機,≪送信済≫既登録_全国_学歴不問_22-23_経験1社_エリア不順,≪送信済用≫希望を叶える転職,1843,2026-07-25,12:04:00
2026-07-25,2026-07-28,1号機,【未送信】開放日_全国_学歴不問_15-26_経験3社_エリア不順,【未送信用】口コミ4.9オーダーメイド,256,2026-07-25,12:04:00
2026-07-25,2026-07-28,2号機,【未送信】既登録_全国_学歴不問_15-26_経験2社_エリア第2,【未送信用】まずはキャリア相談から,1067,2026-07-25,12:05:00
2026-07-26,2026-07-28,4号機,≪送信済≫既登録_西日本_学歴不問_23-24_経験1社_エリア不順,≪送信済用≫希望を叶える転職,862,2026-07-26,15:26:00
2026-07-26,2026-07-28,1号機,【送信済】開放日_東日本_学歴不問_15-25_経験3社_エリア不順,【未送信用】口コミ4.9オーダーメイド,562,2026-07-26,15:20:00
2026-07-26,2026-07-28,2号機,【送信済】開放日_西日本_学歴不問_15-25_経験3社_エリア不順,【未送信用】まずはキャリア相談から,348,2026-07-26,15:20:00
2026-07-27,2026-07-28,4号機,≪送信済≫既登録_西日本_学歴不問_21-23_経験2社_エリア第１,≪送信済用≫希望を叶える転職,1101,2026-07-27,07:33:00
2026-07-27,2026-07-28,1号機,【未送信】開放日_全国_学歴不問_15-25_経験3社_エリア不順,【未送信用】口コミ4.9オーダーメイド,156,2026-07-27,07:32:00
2026-07-26,2026-07-28,2号機,【送信済】開放日_全国_学歴不問_15-25_経験3社_エリア不順,【未送信用】まずはキャリア相談から,607,2026-07-26,07:33:00
2026-07-27,2026-07-28,1号機,【未送信】既登録_東日本_学歴不問_15-25_経験3社_エリア不順,【未送信用】口コミ4.9オーダーメイド,265,2026-07-27,13:30:00
2026-07-28,2026-07-29,1号機,【未送信】開放日_東日本_学歴不問_15-25_経験3社_エリア不順,【未送信用】口コミ4.9オーダーメイド,126,2026-07-28,09:05:00
2026-07-28,2026-07-29,2号機,【未送信】開放日_西日本_学歴不問_15-25_経験3社_エリア不順,【未送信用】まずはキャリア相談から,75,2026-07-28,09:05:00
2026-07-28,2026-07-29,3号機,≪送信済≫開放日_東日本_学歴不問_15-25_経験3社_エリア不順,≪送信済用≫マイナビaward受賞_実績あるサポート,474,2026-07-28,09:05:00
2026-07-28,2026-07-29,4号機,≪送信済≫開放日_西日本_学歴不問_15-25_経験3社_エリア不順,≪送信済用≫希望を叶える転職,333,2026-07-28,09:05:00
2026-07-28,2026-07-29,1号機,【未送信】既登録_東日本_学歴不問_18-25_経験2社_エリア不順,【未送信用】口コミ4.9オーダーメイド,66,2026-07-28,17:15:00
2026-07-28,2026-07-29,2号機,【未送信】既登録_西日本_学歴不問_19-25_経験2社_エリア第2,【未送信用】まずはキャリア相談から,153,2026-07-28,13:40:00
2026-07-28,2026-07-29,3号機,≪送信済≫既登録_東日本_大卒・高卒_22-22_経験2社_エリア第一,≪送信済用≫マイナビaward受賞_実績あるサポート,647,2026-07-28,16:25:00
2026-07-28,2026-07-29,4号機,≪送信済≫既登録_西日本_学歴不問_19-21_経験3社_エリア不順,≪送信済用≫希望を叶える転職,1344,2026-07-28,16:00:00
2026-07-29,2026-07-30,1号機,【未送信】開放日_東日本_学歴不問_15-25_経験3社_エリア不順,【未送信用】口コミ4.9オーダーメイド,466,2026-07-29,09:05:00
2026-07-29,2026-07-30,2号機,≪送信済≫既登録_西日本_学歴不問_15-18_経験3社_エリア不順,【未送信用】まずはキャリア相談から,74,2026-07-29,13:30:00
2026-07-29,2026-07-30,3号機,≪送信済≫開放日_東日本_学歴不問_15-25_経験3社_エリア不順,≪送信済用≫マイナビaward受賞_実績あるサポート,466,2026-07-29,09:05:00
2026-07-29,2026-07-30,4号機,≪送信済≫開放日_西日本_学歴不問_15-25_経験3社_エリア不順,≪送信済用≫希望を叶える転職,338,2026-07-29,09:05:00
2026-07-29,2026-07-30,1号機,【未送信】既登録_東日本_学歴不問_19-25_経験2社_エリア第2,【未送信用】口コミ4.9オーダーメイド,198,2026-07-29,16:35:00
2026-07-29,2026-07-30,3号機,≪送信済≫既登録_東日本_学歴不問_15-18_経験2社_エリア不順,≪送信済用≫マイナビaward受賞_実績あるサポート,1326,2026-07-29,16:30:00
2026-07-29,2026-07-30,4号機,≪送信済≫既登録_西日本_学歴不問_15-18_経験2社_エリア不順,≪送信済用≫希望を叶える転職,798,2026-07-29,16:30:00
2026-07-30,2026-07-31,1号機,【未送信】開放日_東日本_学歴不問_15-25_経験3社_エリア不順,【未送信用】口コミ4.9オーダーメイド,186,2026-07-30,09:15:00
2026-07-30,2026-07-31,2号機,【未送信】開放日_西日本_学歴不問_15-25_経験3社_エリア不順,【未送信用】まずはキャリア相談から,67,2026-07-30,09:15:00
2026-07-30,2026-07-31,3号機,≪送信済≫開放日_東日本_学歴不問_15-25_経験3社_エリア不順,≪送信済用≫マイナビaward受賞_実績あるサポート,438,2026-07-30,09:15:00
2026-07-30,2026-07-31,4号機,≪送信済≫開放日_西日本_学歴不問_15-25_経験3社_エリア不順,≪送信済用≫希望を叶える転職,320,2026-07-30,09:15:00
2026-07-30,2026-07-31,1号機,【未送信】既登録_東日本_学歴不問_15-25_経験3社_エリア不順,【未送信用】口コミ4.9オーダーメイド,180,2026-07-30,16:00:00
2026-07-30,2026-07-31,2号機,【未送信】既登録_西日本_学歴不問_15-25_経験3社_エリア不順,【未送信用】まずはキャリア相談から,31,2026-07-30,14:35:00
2026-07-30,2026-07-31,4号機,≪送信済≫既登録_西日本_学歴不問_22-23_経験2社_エリア不順,≪送信済用≫希望を叶える転職,1028,2026-07-30,14:40:00
2026-07-31,2026-08-03,1号機,【未送信】開放日_東日本_学歴不問_15-25_経験3社_エリア不順,【未送信用】まずはキャリア相談から,108,2026-07-31,09:25:00
2026-07-31,2026-08-03,2号機,【未送信】開放日_西日本_学歴不問_15-25_経験3社_エリア不順,【未送信用】最短でベストマッチな紹介,70,2026-07-31,09:25:00
2026-07-31,2026-08-03,3号機,≪送信済≫開放日_東日本_学歴不問_15-25_経験3社_エリア不順,≪送信済用≫希望を叶える転職,482,2026-07-31,09:25:00
2026-07-31,2026-08-03,4号機,≪送信済≫開放日_西日本_学歴不問_15-25_経験3社_エリア不順,≪送信済用≫年収＆働きやすさを叶える,307,2026-07-31,09:30:00
2026-07-31,2026-08-03,1号機,【未送信】既登録_東日本_学歴不問_19-25_経験3社_エリア不順,【未送信用】まずはキャリア相談から,37,2026-07-31,14:55:00
2026-07-31,2026-08-03,2号機,【送信済】開放日_西日本_学歴不問_15-25_経験3社_エリア不順,【未送信用】最短でベストマッチな紹介,228,2026-07-31,16:30:00
2026-08-02,2026-08-03,3号機,≪送信済≫既登録_東日本_学歴不問_21-23_経験2社_エリア第１,≪送信済用≫希望を叶える転職,1727,2026-08-02,10:03:00
2026-07-31,2026-08-03,4号機,≪送信済≫既登録_西日本_学歴不問_19-21_経験1社_エリア不順,≪送信済用≫年収＆働きやすさを叶える,587,2026-07-31,16:30:00
2026-08-02,2026-08-03,1号機,【未送信】開放日_全国_学歴不問_15-25_経験3社_エリア不順,【未送信用】まずはキャリア相談から,199,2026-08-02,10:00:00
2026-08-02,2026-08-03,2号機,【送信済】開放日_全国_学歴不問_15-25_経験3社_エリア不順,【未送信用】最短でベストマッチな紹介,537,2026-08-02,10:01:00
2026-08-02,2026-08-03,4号機,≪送信済≫既登録_西日本_学歴不問_21-23_経験2社_エリア第１,≪送信済用≫年収＆働きやすさを叶える,1022,2026-08-02,10:03:00
2026-08-03,2026-08-04,1号機,【未送信】開放日_東日本_学歴不問_15-25_経験3社_エリア不順,【未送信用】まずはキャリア相談から,86,2026-08-03,09:00:00
2026-08-03,2026-08-04,2号機,【未送信】開放日_西日本_学歴不問_15-25_経験3社_エリア不順,【未送信用】最短でベストマッチな紹介,59,2026-08-03,09:00:00
2026-08-03,2026-08-04,3号機,≪送信済≫開放日_東日本_学歴不問_15-25_経験3社_エリア不順,≪送信済用≫希望を叶える転職,400,2026-08-03,09:00:00
2026-08-03,2026-08-04,4号機,≪送信済≫開放日_西日本_学歴不問_15-25_経験3社_エリア不順,≪送信済用≫年収＆働きやすさを叶える,257,2026-08-03,09:00:00
2026-08-03,2026-08-04,1号機,【未送信】既登録_東日本_学歴不問_19-25_経験2社_エリア第2,【未送信用】まずはキャリア相談から,151,2026-08-03,14:10:00
2026-08-03,2026-08-04,2号機,【未送信】既登録_西日本_学歴不問_19-25_経験2社_エリア第2,【未送信用】最短でベストマッチな紹介,103,2026-08-03,14:10:00
2026-08-03,2026-08-04,3号機,≪送信済≫既登録_東日本_学歴不問_19-20_経験3社_エリア不順,≪送信済用≫希望を叶える転職,1318,2026-08-03,16:10:00
2026-08-03,2026-08-04,4号機,≪送信済≫既登録_西日本_学歴不問_22-23_経験2社_エリア不順,≪送信済用≫年収＆働きやすさを叶える,1058,2026-08-03,14:25:00
2026-08-03,2026-08-04,1号機,【未送信】既登録_東日本_学歴不問_15-25_経験3社_エリア不順,【未送信用】まずはキャリア相談から,258,2026-08-03,14:10:00
2026-08-03,2026-08-04,2号機,【未送信】既登録_西日本_学歴不問_15-25_経験3社_エリア不順,【未送信用】最短でベストマッチな紹介,173,2026-08-03,14:10:00
2026-08-04,2026-08-05,1号機,【未送信】開放日_東日本_学歴不問_15-25_経験3社_エリア不順,【未送信用】まずはキャリア相談から,133,2026-08-04,09:10:00
2026-08-04,2026-08-05,2号機,【未送信】開放日_西日本_学歴不問_15-25_経験3社_エリア不順,【未送信用】最短でベストマッチな紹介,70,2026-08-04,09:10:00
2026-08-04,2026-08-05,3号機,≪送信済≫開放日_東日本_学歴不問_15-25_経験3社_エリア不順,≪送信済用≫希望を叶える転職,464,2026-08-04,09:10:00
2026-08-04,2026-08-05,4号機,≪送信済≫開放日_西日本_学歴不問_15-25_経験3社_エリア不順,≪送信済用≫年収＆働きやすさを叶える,284,2026-08-04,09:10:00
2026-08-04,2026-08-05,1号機,【未送信】既登録_東日本_学歴不問_15-25_経験3社_エリア不順,【未送信用】まずはキャリア相談から,47,2026-08-04,15:10:00
2026-08-04,2026-08-05,2号機,【未送信】既登録_西日本_学歴不問_15-25_経験3社_エリア不順,【未送信用】最短でベストマッチな紹介,37,2026-08-04,13:50:00
2026-08-04,2026-08-05,4号機,≪送信済≫既登録_西日本_学歴不問_22-23_経験2社_エリア不順,≪送信済用≫年収＆働きやすさを叶える,1346,2026-08-04,13:50:00
2026-08-05,2026-08-06,1号機,【未送信】開放日_東日本_学歴不問_15-25_経験3社_エリア不順,【未送信用】まずはキャリア相談から,123,2026-08-05,09:05:00
2026-08-05,2026-08-06,2号機,【未送信】開放日_西日本_学歴不問_15-25_経験3社_エリア不順,【未送信用】最短でベストマッチな紹介,83,2026-08-05,09:05:00
2026-08-05,2026-08-06,3号機,≪送信済≫開放日_東日本_学歴不問_15-25_経験3社_エリア不順,≪送信済用≫希望を叶える転職,483,2026-08-05,09:05:00
2026-08-05,2026-08-06,4号機,≪送信済≫開放日_西日本_学歴不問_15-25_経験3社_エリア不順,≪送信済用≫年収＆働きやすさを叶える,297,2026-08-05,09:05:00
2026-08-05,2026-08-06,1号機,【未送信】既登録_東日本_学歴不問_15-25_経験3社_エリア不順,【未送信用】まずはキャリア相談から,80,2026-08-05,15:00:00
2026-08-05,2026-08-06,2号機,【未送信】既登録_西日本_学歴不問_15-25_経験3社_エリア不順,【未送信用】最短でベストマッチな紹介,49,2026-08-05,15:00:00
2026-08-05,2026-08-06,3号機,≪送信済≫既登録_東日本_学歴不問_15-18_経験3社_エリア不順,≪送信済用≫希望を叶える転職,2020,2026-08-05,17:30:00
2026-08-05,2026-08-06,4号機,≪送信済≫既登録_西日本_学歴不問_15-18_経験3社_エリア不順,≪送信済用≫年収＆働きやすさを叶える,1102,2026-08-05,15:00:00
2026-08-06,2026-08-07,1号機,【未送信】開放日_東日本_学歴不問_15-25_経験3社_エリア不順,【未送信用】最短でベストマッチな紹介,101,2026-08-06,09:05:00
2026-08-06,2026-08-07,2号機,【未送信】開放日_西日本_学歴不問_15-25_経験3社_エリア不順,≪送信済用≫口コミ4.9オーダーメイド,64,2026-08-06,09:05:00
2026-08-06,2026-08-07,3号機,≪送信済≫開放日_東日本_学歴不問_15-25_経験3社_エリア不順,≪送信済用≫年収＆働きやすさを叶える,492,2026-08-06,09:05:00
2026-08-06,2026-08-07,4号機,≪送信済≫開放日_西日本_学歴不問_15-25_経験3社_エリア不順,≪送信済用≫マイナビaward受賞_実績あるサポート,316,2026-08-06,09:05:00
2026-08-06,2026-08-07,1号機,【未送信】既登録_東日本_学歴不問_15-25_経験3社_エリア不順,【未送信用】最短でベストマッチな紹介,48,2026-08-06,14:20:00
2026-08-06,2026-08-07,2号機,【未送信】既登録_西日本_学歴不問_15-25_経験3社_エリア不順,≪送信済用≫口コミ4.9オーダーメイド,41,2026-08-06,15:15:00
2026-08-06,2026-08-07,3号機,≪送信済≫既登録_東日本_学歴不問_22-23_経験2社_エリア不順,≪送信済用≫年収＆働きやすさを叶える,2109,2026-08-06,15:20:00
2026-08-06,2026-08-07,4号機,≪送信済≫既登録_西日本_学歴不問_21-23_経験3社_エリア不順,≪送信済用≫マイナビaward受賞_実績あるサポート,1992,2026-08-06,15:15:00
2026-08-06,2026-08-07,3号機,≪送信済≫既登録_東日本_学歴不問_22-23_経験2社_エリア不順,≪送信済用≫年収＆働きやすさを叶える,2109,2026-08-06,15:20:00
2026-08-06,2026-08-07,4号機,≪送信済≫既登録_西日本_学歴不問_19-23_経験3社_エリア不順,≪送信済用≫マイナビaward受賞_実績あるサポート,2992,2026-08-06,16:05:00
